"STATION","DATE","LATITUDE","LONGITUDE","ELEVATION","NAME","TEMP","TEMP_ATTRIBUTES","DEWP","DEWP_ATTRIBUTES","SLP","SLP_ATTRIBUTES","STP","STP_ATTRIBUTES","VISIB","VISIB_ATTRIBUTES","WDSP","WDSP_ATTRIBUTES","MXSPD","GUST","MAX","MAX_ATTRIBUTES","MIN","MIN_ATTRIBUTES","PRCP","PRCP_ATTRIBUTES","SNDP","FRSHTT"
"01001099999","2018-01-01","70.9333333","-8.6666667","9.0","JAN MAYEN NOR NAVY, NO","  22.5","24","  15.5","24","1006.2","24","005.0","24","  9.8"," 6"," 24.0","24"," 36.9","999.9","  29.1","*","  18.9","*"," 0.01","G","999.9","001000"
"01001099999","2018-01-02","70.9333333","-8.6666667","9.0","JAN MAYEN NOR NAVY, NO","  21.0","24","  13.3","24","1009.3","24","008.1","24"," 14.0"," 6"," 13.3","24"," 19.4","999.9","  22.8"," ","  18.7"," "," 0.00","G","999.9","001000"
"01001099999","2018-01-03","70.9333333","-8.6666667","9.0","JAN MAYEN NOR NAVY, NO","  21.6","24","  15.1","24","1011.8","24","010.6","24"," 11.9"," 6","  7.3","24"," 15.7"," 21.6","  23.0"," ","  17.6"," "," 0.00","G","999.9","001000"
"01001099999","2018-01-04","70.9333333","-8.6666667","9.0","JAN MAYEN NOR NAVY, NO","  19.5","24","  13.9","24","1017.1","24","015.9","24","  7.3"," 6"," 13.2","24"," 21.4"," 25.4","  24.6"," ","  14.0","*"," 0.02","G","999.9","001000"
"01001099999","2018-01-05","70.9333333","-8.6666667","9.0","JAN MAYEN NOR NAVY, NO","  11.5","23","   4.2","23","1021.8","23","020.6","23","  0.8"," 5"," 19.7","23"," 23.3"," 35.5","  14.7","*","   7.0"," "," 0.00","G","999.9","001000"
"01001099999","2018-01-06","70.9333333","-8.6666667","9.0","JAN MAYEN NOR NAVY, NO","  12.8","24","   4.4","24","1018.7","24","017.5","24","  4.8"," 6"," 14.9","24"," 18.8"," 29.3","  15.8"," ","   9.0"," "," 0.04","G","999.9","001000"
"01001099999","2018-01-07","70.9333333","-8.6666667","9.0","JAN MAYEN NOR NAVY, NO","  12.1","24","   4.4","24","1015.1","24","013.9","24","  3.9"," 6"," 18.4","24"," 27.2"," 40.6","  13.1","*","   9.0"," "," 0.01","G","999.9","001000"
"01001099999","2018-01-08","70.9333333","-8.6666667","9.0","JAN MAYEN NOR NAVY, NO","  25.8","24","  22.1","24","1001.7","24","000.5","24","  6.2"," 6"," 18.9","24"," 33.0"," 41.6","  34.5"," ","  11.8"," "," 0.00","G","999.9","001000"
"01001099999","2018-01-09","70.9333333","-8.6666667","9.0","JAN MAYEN NOR NAVY, NO","  29.9","24","  26.6","24","1007.2","24","006.0","24","  4.4"," 6"," 15.0","23"," 36.9","999.9","  35.4"," ","  25.2","*"," 0.26","G","999.9","001000"
"01001099999","2018-01-10","70.9333333","-8.6666667","9.0","JAN MAYEN NOR NAVY, NO","  35.8","24","  34.2","24","1010.9","24","009.7","24","  5.4"," 6"," 11.4","24"," 17.5","999.9","  37.4","*","  31.6"," "," 0.04","G","999.9","110000"
"01001099999","2018-01-11","70.9333333","-8.6666667","9.0","JAN MAYEN NOR NAVY, NO","  34.4","23","  33.5","23","1008.5","23","007.3","23","  2.6"," 5"," 10.4","23"," 15.5","999.9","  36.1","*","  32.4","*"," 0.00","G","999.9","100000"
"01001099999","2018-01-12","70.9333333","-8.6666667","9.0","JAN MAYEN NOR NAVY, NO","  36.2","23","  34.6","23","1003.5","18","002.3","18","  5.0"," 5"," 22.0","23"," 27.2"," 33.6","  37.0"," ","  32.5"," "," 0.00","G","999.9","010000"
"01001099999","2018-01-13","70.9333333","-8.6666667","9.0","JAN MAYEN NOR NAVY, NO","  35.5","24","  34.3","24"," 993.2","24","992.0","24","  1.5"," 6"," 17.8","24"," 27.8"," 35.0","  37.2"," ","  33.8","*"," 0.26","G","999.9","110000"
"01001099999","2018-01-14","70.9333333","-8.6666667","9.0","JAN MAYEN NOR NAVY, NO","  34.8","24","  32.6","24"," 970.7","24","969.6","24","  3.2"," 6"," 15.7","24"," 23.3"," 27.8","  37.2"," ","  31.1"," "," 0.06","G","999.9","110000"
"01001099999","2018-01-15","70.9333333","-8.6666667","9.0","JAN MAYEN NOR NAVY, NO","  31.8","24","  29.4","24"," 961.8","24","960.7","24","  6.9"," 6"," 10.4","24"," 13.6"," 16.3","  33.1"," ","  30.2"," "," 0.17","G","999.9","001000"
"01001099999","2018-01-16","70.9333333","-8.6666667","9.0","JAN MAYEN NOR NAVY, NO","  34.1","24","  32.1","24"," 969.9","24","968.8","24","  5.2"," 6","  9.4","24"," 17.5","999.9","  35.8"," ","  30.7"," "," 0.05","G","999.9","011000"
"01001099999","2018-01-17","70.9333333","-8.6666667","9.0","JAN MAYEN NOR NAVY, NO","  35.9","23","  33.3","23"," 982.6","23","981.4","23","  6.3"," 5"," 14.0","23"," 21.4"," 25.3","  37.8","*","  32.7","*"," 0.28","G","999.9","010000"
"01001099999","2018-01-18","70.9333333","-8.6666667","9.0","JAN MAYEN NOR NAVY, NO","  34.8","24","  32.6","24"," 995.2","24","994.0","24","  8.4"," 6","  8.6","24"," 21.4","999.9","  36.5"," ","  31.5","*"," 0.01","G","999.9","010000"
"01001099999","2018-01-19","70.9333333","-8.6666667","9.0","JAN MAYEN NOR NAVY, NO","  32.0","24","  29.6","24"," 993.3","24","992.0","24","  6.0"," 6"," 16.9","23"," 25.3"," 32.4","  33.8"," ","  29.7"," "," 0.00","G","999.9","011000"
"01001099999","2018-01-20","70.9333333","-8.6666667","9.0","JAN MAYEN NOR NAVY, NO","  32.4","24","  29.0","24","1004.7","24","003.5","24"," 10.0"," 6","  4.4","24","  9.9"," 13.0","  34.5"," ","  28.2"," "," 0.02","G","999.9","001000"
"01001099999","2018-01-21","70.9333333","-8.6666667","9.0","JAN MAYEN NOR NAVY, NO","  30.1","24","  24.8","24","1012.5","24","011.3","24"," 13.5"," 6","  6.3","24"," 15.5"," 24.3","  32.5"," ","  25.5"," "," 0.03","G","999.9","000000"
"01001099999","2018-01-22","70.9333333","-8.6666667","9.0","JAN MAYEN NOR NAVY, NO","  30.0","24","  24.8","24","1012.5","24","011.3","24"," 15.5"," 6","  3.5","24","  9.5"," 11.3","  31.8"," ","  27.3"," "," 0.00","G","999.9","000000"
"01001099999","2018-01-23","70.9333333","-8.6666667","9.0","JAN MAYEN NOR NAVY, NO","  29.0","24","  21.6","24","1009.6","24","008.4","24"," 16.6"," 6"," 16.4","24"," 27.2","999.9","  32.4"," ","  25.5"," "," 0.00","G","999.9","000000"
"01001099999","2018-01-24","70.9333333","-8.6666667","9.0","JAN MAYEN NOR NAVY, NO","  30.1","24","  26.1","24"," 999.1","24","997.9","24"," 10.4"," 6"," 24.2","24"," 35.0"," 41.8","  31.8"," ","  25.7"," "," 0.00","E","999.9","001000"
"01001099999","2018-01-25","70.9333333","-8.6666667","9.0","JAN MAYEN NOR NAVY, NO","  30.7","24","  26.1","24","1004.5","24","003.3","24"," 11.6"," 6"," 14.5","24"," 19.4","999.9","  31.6","*","  29.1","*"," 0.00","G","999.9","001000"
"01001099999","2018-01-26","70.9333333","-8.6666667","9.0","JAN MAYEN NOR NAVY, NO","  26.3","24","  21.4","24","1012.8","24","011.6","24"," 10.8"," 6"," 11.9","24"," 17.5","999.9","  29.3","*","  23.5","*"," 0.06","G","999.9","001000"
"01001099999","2018-01-27","70.9333333","-8.6666667","9.0","JAN MAYEN NOR NAVY, NO","  32.5","24","  29.9","24","1005.7","24","004.5","24","  9.8"," 6","  9.4","24"," 15.5","999.9","  34.3","*","  26.1"," "," 0.01","G","999.9","001000"
"01001099999","2018-01-28","70.9333333","-8.6666667","9.0","JAN MAYEN NOR NAVY, NO","  33.9","20","  31.5","20","1003.4","20","002.2","20","  6.1"," 5"," 10.4","20"," 17.9"," 22.3","  35.1","*","  32.0"," "," 0.00","G","999.9","010000"
"01001099999","2018-01-29","70.9333333","-8.6666667","9.0","JAN MAYEN NOR NAVY, NO","  32.3","24","  26.7","24","1006.0","24","004.8","24"," 12.9"," 6"," 10.0","24"," 21.4","999.9","  34.7"," ","  29.8","*"," 0.23","G","999.9","000000"
"01001099999","2018-01-30","70.9333333","-8.6666667","9.0","JAN MAYEN NOR NAVY, NO","  30.3","24","  25.4","24","1006.3","24","005.1","24"," 14.0"," 6"," 14.3","24"," 23.3"," 26.0","  31.5"," ","  28.8"," "," 0.00","G","999.9","000000"
"01001099999","2018-01-31","70.9333333","-8.6666667","9.0","JAN MAYEN NOR NAVY, NO","  31.7","24","  28.7","24","1003.7","24","002.5","24","  7.3"," 6"," 23.7","24"," 31.3"," 41.2","  32.9","*","  28.6"," "," 0.00","G","999.9","001000"
"01001099999","2018-02-01","70.9333333","-8.6666667","9.0","JAN MAYEN NOR NAVY, NO","  32.1","24","  27.4","24","1016.6","24","015.4","24"," 14.5"," 6"," 14.6","24"," 24.1"," 32.6","  34.5","*","  30.2","*"," 0.03","G","999.9","000000"
"01001099999","2018-02-02","70.9333333","-8.6666667","9.0","JAN MAYEN NOR NAVY, NO","  33.9","24","  29.6","24","1007.4","24","006.2","24"," 14.0"," 6"," 15.1","24"," 27.2"," 30.1","  36.7","*","  29.5"," "," 0.00","G","999.9","010000"
"01001099999","2018-02-03","70.9333333","-8.6666667","9.0","JAN MAYEN NOR NAVY, NO","  34.6","24","  31.9","24"," 997.5","24","996.3","24","  4.5"," 6"," 19.9","24"," 31.1"," 33.4","  36.7","*","  32.9"," "," 0.03","G","999.9","011000"
"01001099999","2018-02-04","70.9333333","-8.6666667","9.0","JAN MAYEN NOR NAVY, NO","  36.1","24","  30.0","24"," 995.8","24","994.7","24","  6.7"," 6"," 22.5","24"," 35.0"," 38.5","  41.4","*","  31.8"," "," 0.15","G","999.9","010000"
"01001099999","2018-02-05","70.9333333","-8.6666667","9.0","JAN MAYEN NOR NAVY, NO","  34.1","23","  30.1","23"," 989.4","23","988.2","23","  8.1"," 5"," 17.3","23"," 22.0"," 33.4","  35.8","*","  30.0","*"," 0.01","G","999.9","010000"
"01001099999","2018-02-06","70.9333333","-8.6666667","9.0","JAN MAYEN NOR NAVY, NO","  30.0","24","  23.6","24","1002.5","24","001.3","24"," 14.0"," 6"," 11.2","24"," 25.3"," 27.2","  33.3"," ","  26.1"," "," 0.02","G","999.9","011000"
"01001099999","2018-02-07","70.9333333","-8.6666667","9.0","JAN MAYEN NOR NAVY, NO","  27.2","24","  21.7","24"," 998.2","24","997.0","24"," 12.5"," 6"," 19.4","24"," 28.2"," 37.3","  32.0"," ","  25.3","*"," 0.02","G","999.9","001000"
"01001099999","2018-02-08","70.9333333","-8.6666667","9.0","JAN MAYEN NOR NAVY, NO","  30.6","24","  27.1","24"," 977.8","24","976.7","24"," 11.4"," 6"," 16.2","24"," 29.1"," 40.4","  32.7"," ","  28.2"," "," 0.03","G","999.9","001000"
"01001099999","2018-02-09","70.9333333","-8.6666667","9.0","JAN MAYEN NOR NAVY, NO","  28.6","24","  22.4","24"," 984.5","24","983.3","24"," 10.9"," 6"," 13.1","24"," 20.0"," 24.5","  32.5"," ","  24.4","*"," 0.01","G","999.9","001000"
"01001099999","2018-02-10","70.9333333","-8.6666667","9.0","JAN MAYEN NOR NAVY, NO","  25.8","24","  19.2","24"," 991.0","24","989.8","24"," 15.0"," 6","  7.8","24"," 25.3"," 28.6","  32.2","*","  20.3","*"," 0.02","G","999.9","000000"
"01001099999","2018-02-11","70.9333333","-8.6666667","9.0","JAN MAYEN NOR NAVY, NO","  34.4","24","  29.8","24"," 986.2","24","985.0","24","  9.9"," 6"," 19.5","24"," 40.8"," 44.9","  36.3"," ","  27.7"," "," 0.02","G","999.9","010000"
"01001099999","2018-02-12","70.9333333","-8.6666667","9.0","JAN MAYEN NOR NAVY, NO","  33.1","24","  29.9","24"," 991.2","24","990.0","24","  4.6"," 6","  8.6","18"," 19.4","999.9","  35.4","*","  30.7","*"," 0.12","G","999.9","001000"
"01001099999","2018-02-13","70.9333333","-8.6666667","9.0","JAN MAYEN NOR NAVY, NO","  31.4","24","  28.7","24"," 991.2","24","990.0","24","  6.5"," 6"," 10.5","23"," 19.0"," 23.7","  34.2","*","  26.2"," "," 0.00","G","999.9","001000"
"01001099999","2018-02-14","70.9333333","-8.6666667","9.0","JAN MAYEN NOR NAVY, NO","  34.7","23","  30.2","23"," 987.6","23","986.4","23"," 13.8"," 5"," 13.9","23"," 27.2"," 28.7","  36.1"," ","  33.3","*"," 0.04","E","999.9","010000"
"01001099999","2018-02-15","70.9333333","-8.6666667","9.0","JAN MAYEN NOR NAVY, NO","  37.0","24","  34.9","24"," 988.5","24","987.4","24","  3.8"," 6"," 17.5","24"," 29.1"," 35.2","  38.3","*","  34.3"," "," 0.13","G","999.9","110000"
"01001099999","2018-02-16","70.9333333","-8.6666667","9.0","JAN MAYEN NOR NAVY, NO","  37.5","24","  35.2","24"," 995.2","24","994.1","24","  4.0"," 6"," 15.1","24"," 24.3"," 31.5","  38.5"," ","  36.5","*"," 0.12","G","999.9","110000"
"01001099999","2018-02-17","70.9333333","-8.6666667","9.0","JAN MAYEN NOR NAVY, NO","  35.6","24","  33.3","24","1009.7","24","008.5","24","  8.0"," 5","  5.9","24"," 15.3"," 19.8","  37.4","*","  34.9"," "," 0.15","G","999.9","000000"
"01001099999","2018-02-18","70.9333333","-8.6666667","9.0","JAN MAYEN NOR NAVY, NO","  35.9","24","  33.1","24","1016.4","24","015.2","24","  9.9"," 6","  9.5","24"," 15.5"," 20.6","  37.8"," ","  34.2","*"," 0.00","G","999.9","010000"
"01001099999","2018-02-19","70.9333333","-8.6666667","9.0","JAN MAYEN NOR NAVY, NO","  36.7","24","  34.2","24","1019.8","24","018.6","24"," 11.1"," 6"," 12.1","24"," 21.4","999.9","  37.9"," ","  34.3"," "," 0.21","G","999.9","010000"
"01001099999","2018-02-20","70.9333333","-8.6666667","9.0","JAN MAYEN NOR NAVY, NO","  37.3","23","  34.7","23","1011.4","23","010.2","23","  4.8"," 6"," 20.3","23"," 27.2"," 35.2","  38.7"," ","  35.6","*"," 0.04","G","999.9","010000"
"01001099999","2018-02-21","70.9333333","-8.6666667","9.0","JAN MAYEN NOR NAVY, NO","  33.6","24","  27.6","24","1017.1","24","015.9","24"," 14.0"," 6"," 13.8","24"," 27.2"," 36.3","  35.6","*","  31.5","*"," 0.37","G","999.9","010000"
"01001099999","2018-02-22","70.9333333","-8.6666667","9.0","JAN MAYEN NOR NAVY, NO","  37.7","24","  35.6","24","1004.2","24","003.0","24","  3.5"," 6"," 24.9","24"," 27.2"," 36.5","  38.8"," ","  34.0"," "," 0.05","G","999.9","010000"
"01001099999","2018-02-23","70.9333333","-8.6666667","9.0","JAN MAYEN NOR NAVY, NO","  34.3","24","  30.0","24","1011.8","24","010.6","24"," 11.9"," 6","  9.9","24"," 25.3"," 33.4","  38.8"," ","  32.4","*"," 0.15","G","999.9","010000"
"01001099999","2018-02-24","70.9333333","-8.6666667","9.0","JAN MAYEN NOR NAVY, NO","  37.4","24","  34.9","24","1019.5","24","018.3","24","  8.5"," 6"," 18.6","24"," 21.4"," 25.8","  38.1"," ","  34.3"," "," 0.02","G","999.9","010000"
"01001099999","2018-02-25","70.9333333","-8.6666667","9.0","JAN MAYEN NOR NAVY, NO","  35.0","24","  33.9","24","1029.9","24","028.7","24","  2.7"," 6"," 10.4","24"," 23.3","999.9","  37.4","*","  32.2","*"," 0.00","G","999.9","010000"
"01001099999","2018-02-26","70.9333333","-8.6666667","9.0","JAN MAYEN NOR NAVY, NO","  37.0","24","  33.8","24","1033.1","24","031.9","24","  7.5"," 6"," 18.6","24"," 24.1"," 28.6","  37.4"," ","  35.6"," "," 0.00","G","999.9","000000"
"01001099999","2018-02-27","70.9333333","-8.6666667","9.0","JAN MAYEN NOR NAVY, NO","  36.3","24","  34.1","24","1034.8","24","033.6","24","  5.7"," 6"," 12.4","22"," 19.6"," 24.7","  37.6"," ","  34.9"," "," 0.00","G","999.9","100000"
"01001099999","2018-02-28","70.9333333","-8.6666667","9.0","JAN MAYEN NOR NAVY, NO","  33.9","24","  32.8","24","1030.4","24","029.2","24","  2.9"," 6"," 13.0","24"," 36.5"," 53.2","  37.4","*","  28.9","*"," 0.12","G","999.9","111000"
"01001099999","2018-03-01","70.9333333","-8.6666667","9.0","JAN MAYEN NOR NAVY, NO","  27.0","23","  20.7","23","1035.7","23","034.5","23"," 14.3"," 5"," 24.3","23"," 39.4"," 53.0","  32.7"," ","  25.9"," "," 0.46","G","999.9","001000"
"01001099999","2018-03-02","70.9333333","-8.6666667","9.0","JAN MAYEN NOR NAVY, NO","  26.3","24","  16.9","24","1036.6","24","035.4","24"," 11.9"," 6"," 19.7","24"," 26.2"," 39.6","  27.1","*","  25.3"," "," 0.00","G","999.9","001000"
"01001099999","2018-03-03","70.9333333","-8.6666667","9.0","JAN MAYEN NOR NAVY, NO","  24.2","24","  16.5","24","1030.3","24","029.1","24","  8.9"," 6"," 11.3","24"," 17.3"," 25.3","  26.6"," ","  20.8"," "," 0.01","G","999.9","001000"
"01001099999","2018-03-04","70.9333333","-8.6666667","9.0","JAN MAYEN NOR NAVY, NO","  24.7","24","  18.1","24","1024.4","24","023.2","24","  7.6"," 6"," 17.0","23"," 23.3"," 30.7","  27.7","*","  20.8"," "," 0.07","G","999.9","001000"
"01001099999","2018-03-05","70.9333333","-8.6666667","9.0","JAN MAYEN NOR NAVY, NO","  29.8","24","  22.5","24","1019.7","24","018.5","24"," 10.3"," 6"," 16.7","24"," 26.0"," 37.3","  32.5"," ","  25.0"," "," 0.05","G","999.9","001000"
"01001099999","2018-03-06","70.9333333","-8.6666667","9.0","JAN MAYEN NOR NAVY, NO","  28.6","24","  18.7","24","1018.4","24","017.2","24"," 15.5"," 6"," 15.3","24"," 21.4"," 28.2","  32.4"," ","  26.4","*"," 0.00","G","999.9","001000"
"01001099999","2018-03-07","70.9333333","-8.6666667","9.0","JAN MAYEN NOR NAVY, NO","  28.3","24","  22.1","24","1014.2","24","013.0","24"," 10.5"," 6"," 19.1","24"," 23.3"," 37.5","  30.6","*","  24.1"," "," 0.00","E","999.9","001000"
"01001099999","2018-03-08","70.9333333","-8.6666667","9.0","JAN MAYEN NOR NAVY, NO","  29.9","24","  23.1","24","1013.2","24","012.0","24"," 14.0"," 6"," 16.0","24"," 25.3"," 26.4","  31.3"," ","  28.6","*"," 0.08","E","999.9","001000"
"01001099999","2018-03-09","70.9333333","-8.6666667","9.0","JAN MAYEN NOR NAVY, NO","  30.4","24","  23.8","24","1015.7","24","014.4","24"," 16.6"," 6"," 12.1","24"," 19.4","999.9","  31.8"," ","  28.0"," "," 0.00","F","999.9","000000"
"01001099999","2018-03-10","70.9333333","-8.6666667","9.0","JAN MAYEN NOR NAVY, NO","  29.8","24","  21.0","24","1019.0","24","017.8","24"," 16.6"," 6"," 13.0","24"," 22.9"," 29.9","  32.0"," ","  27.9"," "," 0.00","G","999.9","000000"
"01001099999","2018-03-11","70.9333333","-8.6666667","9.0","JAN MAYEN NOR NAVY, NO","  26.7","24","  17.8","24","1019.3","24","018.1","24"," 11.5"," 6"," 13.2","24"," 19.4"," 27.2","  30.0"," ","  25.2","*"," 0.02","G","999.9","001000"
"01001099999","2018-03-12","70.9333333","-8.6666667","9.0","JAN MAYEN NOR NAVY, NO","  26.2","24","  16.7","24","1014.9","24","013.7","24"," 16.6"," 6","  8.1","24"," 15.5"," 16.1","  29.3","*","  22.5"," "," 0.00","G","999.9","001000"
"01001099999","2018-03-13","70.9333333","-8.6666667","9.0","JAN MAYEN NOR NAVY, NO","  27.3","24","  18.0","24","1013.7","24","012.5","24"," 17.6"," 6","  9.9","24"," 19.4","999.9","  29.8"," ","  24.3","*"," 0.00","G","999.9","000000"
"01001099999","2018-03-14","70.9333333","-8.6666667","9.0","JAN MAYEN NOR NAVY, NO","  28.9","24","  22.3","24","1013.9","24","012.7","24"," 17.1"," 6","  6.3","23"," 19.4"," 23.7","  32.2"," ","  23.9"," "," 0.00","B","999.9","000000"
"01001099999","2018-03-15","70.9333333","-8.6666667","9.0","JAN MAYEN NOR NAVY, NO","  34.5","24","  31.4","24","1015.7","24","014.5","24","  8.4"," 6","  9.4","24"," 15.5"," 17.7","  35.4"," ","  30.6"," "," 0.00","G","999.9","010000"
"01001099999","2018-03-16","70.9333333","-8.6666667","9.0","JAN MAYEN NOR NAVY, NO","  35.6","24","  32.3","24","1014.2","24","013.0","24","  4.9"," 6"," 18.8","24"," 25.3"," 28.0","  36.1"," ","  32.9","*"," 0.04","G","999.9","010000"
"01001099999","2018-03-17","70.9333333","-8.6666667","9.0","JAN MAYEN NOR NAVY, NO","  23.8","24","  16.8","24","1016.1","24","015.0","24"," 14.0"," 6"," 13.2","24"," 29.1","999.9","  36.3"," ","  21.6"," "," 0.00","G","999.9","001000"
"01001099999","2018-03-18","70.9333333","-8.6666667","9.0","JAN MAYEN NOR NAVY, NO","  23.5","24","  13.5","24","1018.1","24","016.9","24"," 16.1"," 6"," 15.3","24"," 26.8"," 37.7","  24.6"," ","  22.1"," "," 0.01","G","999.9","001000"
"01001099999","2018-03-19","70.9333333","-8.6666667","9.0","JAN MAYEN NOR NAVY, NO","  28.5","24","  24.2","24","1016.3","24","015.1","24","  8.9"," 6"," 12.0","24"," 25.3","999.9","  36.0","*","  22.1"," "," 0.00","G","999.9","011000"
"01001099999","2018-03-20","70.9333333","-8.6666667","9.0","JAN MAYEN NOR NAVY, NO","  28.6","24","  23.2","24","1006.0","24","004.9","24","  9.6"," 6"," 16.8","24"," 25.3"," 34.4","  36.7"," ","  23.4","*"," 0.15","G","999.9","011000"
"01001099999","2018-03-21","70.9333333","-8.6666667","9.0","JAN MAYEN NOR NAVY, NO","  24.2","24","  17.7","24","1008.4","24","007.2","24"," 16.1"," 6"," 14.8","24"," 19.4"," 27.2","  28.0","*","  21.0"," "," 0.01","G","999.9","000000"
"01001099999","2018-03-22","70.9333333","-8.6666667","9.0","JAN MAYEN NOR NAVY, NO","  29.9","24","  23.6","24","1004.0","24","002.8","24"," 16.6"," 6","  8.9","24"," 18.6"," 24.1","  34.2","*","  26.2"," "," 0.00","G","999.9","010000"
"01001099999","2018-03-23","70.9333333","-8.6666667","9.0","JAN MAYEN NOR NAVY, NO","  33.8","24","  30.8","24"," 994.7","24","993.6","24","  7.9"," 6"," 25.5","24"," 35.0"," 43.7","  35.4"," ","  30.9"," "," 0.01","G","999.9","010000"
"01001099999","2018-03-24","70.9333333","-8.6666667","9.0","JAN MAYEN NOR NAVY, NO","  30.9","24","  24.9","24","1004.3","24","003.1","24","  6.4"," 6"," 25.3","24"," 31.1"," 38.7","  34.2"," ","  28.9"," "," 0.01","G","999.9","001000"
"01001099999","2018-03-25","70.9333333","-8.6666667","9.0","JAN MAYEN NOR NAVY, NO","  28.1","24","  18.9","24","1022.4","24","021.2","24"," 17.1"," 6"," 13.6","24"," 21.4"," 26.0","  31.1"," ","  24.6","*"," 0.00","G","999.9","000000"
"01001099999","2018-03-26","70.9333333","-8.6666667","9.0","JAN MAYEN NOR NAVY, NO","  27.3","24","  18.5","24","1028.0","24","026.8","24"," 18.6"," 6","  3.1","24","  5.8","999.9","  30.2"," ","  22.6"," "," 0.00","B","999.9","000000"
"01001099999","2018-03-27","70.9333333","-8.6666667","9.0","JAN MAYEN NOR NAVY, NO","  30.6","24","  24.7","24","1024.0","24","022.8","24"," 12.7"," 6","  2.3","19","  3.9","999.9","  33.3"," ","  26.6"," "," 0.02","E","999.9","011000"
"01001099999","2018-03-28","70.9333333","-8.6666667","9.0","JAN MAYEN NOR NAVY, NO","  31.8","24","  25.5","24","1018.8","24","017.6","24"," 16.1"," 6","  4.0","23","  9.7"," 11.7","  33.4"," ","  30.6"," "," 0.00","H","999.9","011000"
"01001099999","2018-03-29","70.9333333","-8.6666667","9.0","JAN MAYEN NOR NAVY, NO","  30.2","24","  23.3","24","1018.3","24","017.1","24"," 16.6"," 6","  5.8","24","  9.7"," 17.1","  34.2"," ","  25.0","*"," 0.00","E","999.9","001000"
"01001099999","2018-03-30","70.9333333","-8.6666667","9.0","JAN MAYEN NOR NAVY, NO","  19.2","24","  11.0","24","1018.5","24","017.3","24","  8.1"," 6"," 14.2","24"," 18.6"," 25.6","  28.9"," ","  17.8"," "," 0.01","G","999.9","001000"
"01001099999","2018-03-31","70.9333333","-8.6666667","9.0","JAN MAYEN NOR NAVY, NO","  18.4","24","   8.4","24","1019.6","24","018.4","24","  8.2"," 6"," 14.1","24"," 17.5"," 23.3","  19.4"," ","  17.6"," "," 0.02","G","999.9","001000"
"01001099999","2018-04-01","70.9333333","-8.6666667","9.0","JAN MAYEN NOR NAVY, NO","  17.2","24","   8.1","24","1022.7","24","021.5","24","  9.0"," 6"," 13.2","24"," 15.5"," 23.9","  18.7"," ","  15.3","*"," 0.00","G","999.9","001000"
"01001099999","2018-04-02","70.9333333","-8.6666667","9.0","JAN MAYEN NOR NAVY, NO","  23.0","23","  18.1","23","1013.8","23","012.6","23","  4.5"," 5"," 22.2","21"," 33.0"," 39.8","  30.4","*","  15.3"," "," 0.03","G","999.9","001000"
"01001099999","2018-04-03","70.9333333","-8.6666667","9.0","JAN MAYEN NOR NAVY, NO","  30.3","22","  27.6","22","1010.1","22","008.9","22","  5.6"," 4"," 22.1","22"," 32.1"," 46.4","  31.3","*","  28.8"," "," 0.24","G","999.9","001000"
"01001099999","2018-04-04","70.9333333","-8.6666667","9.0","JAN MAYEN NOR NAVY, NO","  28.1","24","  19.1","24","1013.9","24","012.7","24"," 11.6"," 6"," 16.9","24"," 34.4"," 51.7","  31.8"," ","  25.3","*"," 0.02","G","999.9","001000"
"01001099999","2018-04-05","70.9333333","-8.6666667","9.0","JAN MAYEN NOR NAVY, NO","  27.4","23","  22.0","23","1012.6","23","011.4","23","  2.8"," 5"," 24.5","23"," 35.4"," 42.7","  29.5","*","  24.6"," "," 0.00","G","999.9","001000"
"01001099999","2018-04-06","70.9333333","-8.6666667","9.0","JAN MAYEN NOR NAVY, NO","  29.7","24","  21.6","24","1015.0","24","013.8","24"," 12.5"," 6"," 11.5","24"," 17.7"," 25.8","  31.1"," ","  27.5"," "," 0.08","A","999.9","001000"
"01001099999","2018-04-07","70.9333333","-8.6666667","9.0","JAN MAYEN NOR NAVY, NO","  21.6","24","  16.9","24","1008.5","24","007.3","24","  2.9"," 6"," 20.3","24"," 27.2"," 44.7","  30.9","*","  15.8","*"," 0.07","G","999.9","001000"
"01001099999","2018-04-08","70.9333333","-8.6666667","9.0","JAN MAYEN NOR NAVY, NO","  28.8","24","  23.1","24","1012.4","24","011.2","24"," 21.6"," 6"," 13.6","24"," 22.1"," 42.0","  32.2"," ","  15.4"," "," 0.13","G","999.9","001000"
"01001099999","2018-04-09","70.9333333","-8.6666667","9.0","JAN MAYEN NOR NAVY, NO","  31.5","24","  24.0","24","1015.0","24","013.8","24"," 23.3"," 6"," 10.1","24"," 13.6"," 20.2","  34.9"," ","  24.8"," "," 0.01","G","999.9","011000"
"01001099999","2018-04-10","70.9333333","-8.6666667","9.0","JAN MAYEN NOR NAVY, NO","  34.2","24","  28.9","24","1016.2","24","015.0","24"," 23.3"," 6"," 12.9","24"," 17.5"," 24.3","  36.0"," ","  32.9"," "," 0.01","G","999.9","010000"
"01001099999","2018-04-11","70.9333333","-8.6666667","9.0","JAN MAYEN NOR NAVY, NO","  34.3","19","  32.5","19","1016.1","19","014.9","19","  8.5"," 5"," 13.3","19"," 20.8"," 25.6","  36.0"," ","  32.9"," "," 0.00","G","999.9","100000"
"01001099999","2018-04-12","70.9333333","-8.6666667","9.0","JAN MAYEN NOR NAVY, NO","  34.9","24","  34.1","24","1014.4","24","013.2","24","  2.2"," 6","  9.0","24"," 15.5"," 20.8","  36.5"," ","  34.2"," "," 0.00","G","999.9","110000"
"01001099999","2018-04-13","70.9333333","-8.6666667","9.0","JAN MAYEN NOR NAVY, NO","  34.1","24","  33.0","24","1016.7","24","015.5","24","  3.5"," 6","  2.8","21","  8.7"," 15.7","  37.4"," ","  31.5"," "," 0.02","G","999.9","110000"
"01001099999","2018-04-14","70.9333333","-8.6666667","9.0","JAN MAYEN NOR NAVY, NO","  33.4","24","  32.4","24","1021.0","24","019.8","24","  6.2"," 6","  5.7","24"," 11.7"," 14.4","  35.8"," ","  30.4"," "," 0.00","G","999.9","010000"
"01001099999","2018-04-15","70.9333333","-8.6666667","9.0","JAN MAYEN NOR NAVY, NO","  35.6","24","  34.9","24","1012.2","24","011.0","24","  3.4"," 6","  8.7","24"," 15.0"," 18.3","  37.4","*","  32.2"," "," 0.04","G","999.9","110000"
"01001099999","2018-04-16","70.9333333","-8.6666667","9.0","JAN MAYEN NOR NAVY, NO","  34.6","24","  34.0","24","1014.0","24","012.8","24","  0.7"," 6","  4.3","22","  9.7"," 12.0","  37.6"," ","  31.1"," "," 0.06","G","999.9","110000"
"01001099999","2018-04-17","70.9333333","-8.6666667","9.0","JAN MAYEN NOR NAVY, NO","  37.5","24","  36.1","24","1014.5","24","013.3","24","  9.8"," 6"," 10.1","24"," 17.5"," 21.8","  39.2"," ","  36.3"," "," 0.04","G","999.9","010000"
"01001099999","2018-04-18","70.9333333","-8.6666667","9.0","JAN MAYEN NOR NAVY, NO","  37.6","24","  36.9","24","1012.5","24","011.3","24","  0.9"," 6","  6.1","24"," 14.4"," 17.3","  38.7","*","  35.6","*"," 0.07","G","999.9","110000"
"01001099999","2018-04-19","70.9333333","-8.6666667","9.0","JAN MAYEN NOR NAVY, NO","  37.9","24","  37.3","24","1012.6","24","011.4","24","  1.5"," 6","  3.1","24","  8.9"," 10.9","  40.6"," ","  35.4","*"," 0.08","G","999.9","110000"
"01001099999","2018-04-20","70.9333333","-8.6666667","9.0","JAN MAYEN NOR NAVY, NO","  35.6","24","  34.2","24","1004.6","24","003.4","24","  4.1"," 6"," 21.3","24"," 29.1"," 37.3","  42.1"," ","  33.3","*"," 0.03","G","999.9","110000"
"01001099999","2018-04-21","70.9333333","-8.6666667","9.0","JAN MAYEN NOR NAVY, NO","  30.9","24","  28.5","24","1011.8","24","010.6","24","  6.8"," 6"," 17.2","24"," 23.5"," 33.8","  34.2"," ","  29.1"," "," 0.00","G","999.9","110000"
"01001099999","2018-04-22","70.9333333","-8.6666667","9.0","JAN MAYEN NOR NAVY, NO","  32.4","24","  29.4","24","1012.0","24","010.8","24"," 20.7"," 6"," 12.6","24"," 25.4"," 32.1","  35.2"," ","  29.5"," "," 0.01","G","999.9","001000"
"01001099999","2018-04-23","70.9333333","-8.6666667","9.0","JAN MAYEN NOR NAVY, NO","  34.6","24","  32.4","24"," 999.7","24","998.5","24"," 12.2"," 6","  8.1","24"," 23.3"," 24.3","  36.9","*","  31.3"," "," 0.01","G","999.9","011000"
"01001099999","2018-04-24","70.9333333","-8.6666667","9.0","JAN MAYEN NOR NAVY, NO","  36.4","24","  31.4","24"," 992.2","24","991.0","24","  9.8"," 6"," 13.7","24"," 22.1"," 34.0","  38.3"," ","  32.9","*"," 0.12","G","999.9","010000"
"01001099999","2018-04-25","70.9333333","-8.6666667","9.0","JAN MAYEN NOR NAVY, NO","  31.7","23","  24.9","23"," 999.2","23","998.0","23"," 15.3"," 6"," 17.0","23"," 25.3"," 35.0","  37.4"," ","  29.8","*"," 0.06","G","999.9","010000"
"01001099999","2018-04-26","70.9333333","-8.6666667","9.0","JAN MAYEN NOR NAVY, NO","  31.9","24","  25.3","24","1005.5","24","004.3","24"," 15.4"," 6"," 16.5","24"," 23.7"," 32.8","  34.3"," ","  29.8"," "," 0.00","G","999.9","011000"
"01001099999","2018-04-27","70.9333333","-8.6666667","9.0","JAN MAYEN NOR NAVY, NO","  31.4","24","  20.7","24","1013.9","24","012.7","24"," 32.6"," 6"," 10.6","24"," 14.2"," 26.2","  33.4"," ","  29.5"," "," 0.00","G","999.9","010100"
"01001099999","2018-04-28","70.9333333","-8.6666667","9.0","JAN MAYEN NOR NAVY, NO","  30.7","24","  25.3","24","1018.5","24","017.3","24","  7.1"," 6","  7.7","22"," 15.5"," 20.0","  33.4"," ","  25.3"," "," 0.06","G","999.9","001000"
"01001099999","2018-04-29","70.9333333","-8.6666667","9.0","JAN MAYEN NOR NAVY, NO","  33.7","24","  29.6","24","1010.2","24","009.0","24"," 16.1"," 6"," 14.8","24"," 19.8"," 24.5","  35.2"," ","  25.3"," "," 0.21","G","999.9","010000"
"01001099999","2018-04-30","70.9333333","-8.6666667","9.0","JAN MAYEN NOR NAVY, NO","  37.1","24","  34.7","24","1002.4","24","001.2","24"," 12.1"," 6"," 15.2","24"," 19.0"," 22.3","  38.1"," ","  34.2"," "," 0.01","G","999.9","010000"
"01001099999","2018-05-01","70.9333333","-8.6666667","9.0","JAN MAYEN NOR NAVY, NO","  38.0","24","  34.3","24"," 999.3","24","998.1","24","  8.5"," 6"," 17.1","24"," 20.6"," 26.2","  39.4"," ","  36.7"," "," 0.04","G","999.9","010000"
"01001099999","2018-05-02","70.9333333","-8.6666667","9.0","JAN MAYEN NOR NAVY, NO","  36.8","24","  34.9","24"," 994.5","24","993.3","24","  4.8"," 6"," 10.0","24"," 18.3"," 23.9","  38.3"," ","  34.0","*"," 0.01","G","999.9","111000"
"01001099999","2018-05-03","70.9333333","-8.6666667","9.0","JAN MAYEN NOR NAVY, NO","  36.3","24","  34.4","24"," 987.4","24","986.3","24","  5.7"," 6"," 13.4","24"," 20.8"," 25.6","  39.4"," ","  33.8"," "," 0.28","G","999.9","010000"
"01001099999","2018-05-04","70.9333333","-8.6666667","9.0","JAN MAYEN NOR NAVY, NO","  35.8","24","  34.2","24"," 990.2","24","989.0","24","  7.6"," 6"," 11.4","24"," 21.8"," 27.6","  38.7"," ","  33.1","*"," 0.03","G","999.9","110000"
"01001099999","2018-05-05","70.9333333","-8.6666667","9.0","JAN MAYEN NOR NAVY, NO","  35.9","23","  32.8","23"," 991.3","23","990.1","23"," 10.6"," 5"," 14.1","23"," 21.8"," 28.2","  39.4"," ","  32.5"," "," 4.77","G","999.9","000000"
"01001099999","2018-05-06","70.9333333","-8.6666667","9.0","JAN MAYEN NOR NAVY, NO","  36.1","24","  31.2","24"," 994.4","24","993.2","24"," 11.1"," 6"," 14.7","24"," 25.3"," 34.2","  39.2"," ","  32.4","*"," 0.00","G","999.9","011000"
"01001099999","2018-05-07","70.9333333","-8.6666667","9.0","JAN MAYEN NOR NAVY, NO","  35.4","24","  28.0","24","1000.5","24","999.3","24"," 10.6"," 6"," 13.2","24"," 21.8"," 29.3","  38.8"," ","  31.1","*"," 0.04","G","999.9","011000"
"01001099999","2018-05-08","70.9333333","-8.6666667","9.0","JAN MAYEN NOR NAVY, NO","  35.0","24","  30.6","24","1002.1","24","000.9","24"," 16.7"," 6","  9.9","23"," 21.4"," 26.8","  38.7","*","  29.1"," "," 0.00","G","999.9","011000"
"01001099999","2018-05-09","70.9333333","-8.6666667","9.0","JAN MAYEN NOR NAVY, NO","  37.6","24","  35.9","24"," 991.6","24","990.4","24","  2.5"," 6","  4.4","24"," 13.6"," 19.6","  40.1"," ","  35.6","*"," 3.78","G","999.9","110000"
"01001099999","2018-05-10","70.9333333","-8.6666667","9.0","JAN MAYEN NOR NAVY, NO","  38.5","24","  37.7","24"," 997.1","24","995.9","24","  3.1"," 6"," 12.2","24"," 15.5"," 17.7","  39.6"," ","  35.4"," "," 0.11","G","999.9","110000"
"01001099999","2018-05-11","70.9333333","-8.6666667","9.0","JAN MAYEN NOR NAVY, NO","  38.0","24","  36.7","24","1007.8","24","006.6","24","  0.3"," 6"," 13.2","24"," 20.2"," 24.1","  39.2","*","  36.7","*"," 0.20","G","999.9","110000"
"01001099999","2018-05-12","70.9333333","-8.6666667","9.0","JAN MAYEN NOR NAVY, NO","  38.3","24","  36.9","24","1020.6","24","019.3","24","  5.1"," 6","  9.4","24"," 13.6"," 15.5","  40.3","*","  36.3"," "," 0.01","G","999.9","110000"
"01001099999","2018-05-13","70.9333333","-8.6666667","9.0","JAN MAYEN NOR NAVY, NO","  37.9","22","  37.4","22","1021.3","22","020.1","22","  1.9"," 4","  6.8","22"," 11.8"," 15.2","  39.7"," ","  36.3","*"," 0.00","G","999.9","110000"
"01001099999","2018-05-14","70.9333333","-8.6666667","9.0","JAN MAYEN NOR NAVY, NO","  38.0","24","  36.7","24","1012.1","24","010.9","24"," 15.5"," 6"," 11.8","24"," 27.2"," 35.2","  40.1"," ","  36.1"," "," 0.01","G","999.9","110000"
"01001099999","2018-05-15","70.9333333","-8.6666667","9.0","JAN MAYEN NOR NAVY, NO","  35.6","24","  33.3","24","1007.9","24","006.7","24"," 11.5"," 6"," 11.9","24"," 21.4"," 24.9","  38.3"," ","  34.2","*"," 0.03","G","999.9","010000"
"01001099999","2018-05-16","70.9333333","-8.6666667","9.0","JAN MAYEN NOR NAVY, NO","  35.2","24","  31.3","24","1006.4","24","005.2","24"," 19.6"," 6","  9.9","24"," 19.4"," 30.9","  37.9"," ","  33.1","*"," 0.00","G","999.9","110000"
"01001099999","2018-05-17","70.9333333","-8.6666667","9.0","JAN MAYEN NOR NAVY, NO","  34.5","24","  27.9","24","1010.2","24","009.0","24"," 25.4"," 6"," 10.0","24"," 23.3","999.9","  36.0"," ","  32.7","*"," 0.01","G","999.9","011000"
"01001099999","2018-05-18","70.9333333","-8.6666667","9.0","JAN MAYEN NOR NAVY, NO","  35.1","22","  33.3","22","1005.2","22","004.0","22","  6.4"," 4","  7.3","22"," 29.7"," 36.9","  38.3","*","  30.9"," "," 0.00","G","999.9","010000"
"01001099999","2018-05-19","70.9333333","-8.6666667","9.0","JAN MAYEN NOR NAVY, NO","  35.0","24","  30.6","24","1004.3","24","003.1","24"," 16.6"," 6"," 15.1","24"," 29.1"," 42.3","  37.6"," ","  33.3"," "," 0.20","G","999.9","010000"
"01001099999","2018-05-20","70.9333333","-8.6666667","9.0","JAN MAYEN NOR NAVY, NO","  38.3","24","  35.1","24"," 988.9","24","987.7","24","  9.9"," 6"," 14.0","24"," 26.2"," 33.0","  41.0"," ","  33.6"," "," 0.26","G","  0.4","010000"
"01001099999","2018-05-21","70.9333333","-8.6666667","9.0","JAN MAYEN NOR NAVY, NO","  36.2","23","  33.4","23"," 997.3","23","996.1","23","  9.0"," 5"," 13.7","23"," 23.3"," 32.6","  37.9"," ","  34.7"," "," 0.02","G","999.9","010000"
"01001099999","2018-05-22","70.9333333","-8.6666667","9.0","JAN MAYEN NOR NAVY, NO","  35.9","24","  31.4","24","1017.9","24","016.7","24"," 27.2"," 6"," 11.7","24"," 18.1"," 30.1","  40.5"," ","  32.4"," "," 0.04","G","999.9","011000"
"01001099999","2018-05-23","70.9333333","-8.6666667","9.0","JAN MAYEN NOR NAVY, NO","  39.4","24","  36.9","24","1012.0","24","010.8","24","  4.2"," 6"," 15.0","24"," 22.9"," 28.2","  45.3"," ","  36.7"," "," 0.04","G","999.9","010000"
"01001099999","2018-05-24","70.9333333","-8.6666667","9.0","JAN MAYEN NOR NAVY, NO","  36.6","24","  34.6","24","1014.3","24","013.1","24","  4.6"," 6","  8.4","24"," 21.4"," 25.6","  44.6"," ","  34.3"," "," 0.09","G","999.9","110000"
"01001099999","2018-05-25","70.9333333","-8.6666667","9.0","JAN MAYEN NOR NAVY, NO","  37.7","23","  33.0","23","1010.3","23","009.1","23"," 18.9"," 5"," 18.0","23"," 30.5"," 48.0","  40.5"," ","  34.9"," ","99.99"," ","  3.9","010000"
"01001099999","2018-05-26","70.9333333","-8.6666667","9.0","JAN MAYEN NOR NAVY, NO","  38.1","24","  34.6","24","1021.7","24","020.5","24"," 15.5"," 6","  8.3","24"," 15.3"," 32.4","  40.5","*","  35.4"," "," 0.00","G","999.9","010000"
"01001099999","2018-05-27","70.9333333","-8.6666667","9.0","JAN MAYEN NOR NAVY, NO","  40.5","24","  36.2","24","1017.2","24","016.0","24"," 22.8"," 6","  9.4","24"," 16.7"," 25.4","  46.6"," ","  36.7"," "," 0.00","G","999.9","010000"
"01001099999","2018-05-28","70.9333333","-8.6666667","9.0","JAN MAYEN NOR NAVY, NO","  38.8","21","  37.7","21","1008.8","21","007.6","21","  4.2"," 6","  6.5","21"," 14.0"," 20.2","  40.1"," ","  37.6","*"," 0.00","G","999.9","010000"
"01001099999","2018-05-29","70.9333333","-8.6666667","9.0","JAN MAYEN NOR NAVY, NO","  35.8","23","  31.3","23","1025.3","23","024.1","23"," 16.7"," 5"," 11.1","23"," 29.1"," 37.1","  38.8"," ","  32.9","*"," 0.08","G","999.9","010000"
"01001099999","2018-05-30","70.9333333","-8.6666667","9.0","JAN MAYEN NOR NAVY, NO","  37.9","24","  37.2","24","1022.3","24","021.1","24","  2.5"," 6"," 11.2","24"," 17.5"," 17.7","  38.7","*","  37.2"," "," 0.00","G","999.9","010000"
"01001099999","2018-05-31","70.9333333","-8.6666667","9.0","JAN MAYEN NOR NAVY, NO","  40.1","24","  36.7","24","1016.3","24","015.1","24","  7.4"," 6","  7.7","24"," 21.2"," 28.9","  42.4"," ","  36.9"," "," 0.01","G","999.9","100000"
"01001099999","2018-06-01","70.9333333","-8.6666667","9.0","JAN MAYEN NOR NAVY, NO","  38.2","24","  33.7","24","1011.1","24","009.9","24"," 12.0"," 6"," 17.4","24"," 38.5"," 45.5","  42.8"," ","  34.2","*"," 0.00","G","999.9","000000"
"01001099999","2018-06-02","70.9333333","-8.6666667","9.0","JAN MAYEN NOR NAVY, NO","  36.2","24","  32.3","24","1008.3","24","007.1","24","  7.8"," 6","  9.0","24"," 15.5"," 23.7","  39.6"," ","  33.3"," "," 0.00","G","999.9","010000"
"01001099999","2018-06-03","70.9333333","-8.6666667","9.0","JAN MAYEN NOR NAVY, NO","  34.4","24","  28.3","24","1012.8","24","011.6","24","  9.1"," 6"," 18.0","24"," 24.5"," 37.3","  37.0"," ","  32.9","*"," 0.01","G","999.9","011000"
"01001099999","2018-06-04","70.9333333","-8.6666667","9.0","JAN MAYEN NOR NAVY, NO","  34.1","23","  23.6","23","1025.4","23","024.2","23"," 20.2"," 6","  8.6","23"," 11.7"," 19.2","  37.0"," ","  32.4"," "," 0.00","G","999.9","000000"
"01001099999","2018-06-05","70.9333333","-8.6666667","9.0","JAN MAYEN NOR NAVY, NO","  35.0","24","  28.3","24","1025.3","24","024.1","24"," 30.6"," 6","  9.6","24"," 13.6"," 15.5","  35.8"," ","  33.3","*"," 0.00","G","999.9","000000"
"01001099999","2018-06-06","70.9333333","-8.6666667","9.0","JAN MAYEN NOR NAVY, NO","  38.2","24","  36.1","24","1016.2","24","015.0","24","  6.8"," 6","  8.1","24"," 13.4"," 17.5","  42.6"," ","  35.2"," "," 0.00","G","999.9","110000"
"01001099999","2018-06-07","70.9333333","-8.6666667","9.0","JAN MAYEN NOR NAVY, NO","  38.0","24","  35.8","24","1015.1","24","014.0","24"," 10.0"," 6","  4.9","24","  7.8"," 17.5","  39.2"," ","  36.7"," "," 0.00","G","999.9","110000"
"01001099999","2018-06-08","70.9333333","-8.6666667","9.0","JAN MAYEN NOR NAVY, NO","  38.2","24","  35.3","24","1009.3","24","008.1","24","  7.8"," 6"," 11.5","24"," 19.4"," 29.5","  42.4"," ","  35.1"," "," 0.00","G","999.9","010000"
"01001099999","2018-06-09","70.9333333","-8.6666667","9.0","JAN MAYEN NOR NAVY, NO","  36.9","24","  32.8","24","1010.0","24","008.8","24"," 11.2"," 6"," 11.8","24"," 19.4"," 32.4","  38.3"," ","  35.2"," "," 0.01","G","999.9","011000"
"01001099999","2018-06-10","70.9333333","-8.6666667","9.0","JAN MAYEN NOR NAVY, NO","  35.9","24","  30.8","24","1016.2","24","015.0","24"," 11.1"," 6"," 13.2","24"," 18.1"," 26.0","  39.0"," ","  33.8"," "," 0.01","G","999.9","110000"
"01001099999","2018-06-11","70.9333333","-8.6666667","9.0","JAN MAYEN NOR NAVY, NO","  36.0","24","  30.6","24","1020.8","24","019.6","24"," 16.6"," 6","  9.3","24"," 13.0"," 19.2","  38.5"," ","  33.3"," "," 0.01","G","999.9","011000"
"01001099999","2018-06-12","70.9333333","-8.6666667","9.0","JAN MAYEN NOR NAVY, NO","  34.7","24","  27.6","24","1018.0","24","016.8","24"," 16.6"," 6","  6.0","24","  9.7"," 14.4","  37.2"," ","  33.4"," "," 0.00","G","999.9","001000"
"01001099999","2018-06-13","70.9333333","-8.6666667","9.0","JAN MAYEN NOR NAVY, NO","  36.1","24","  32.0","24","1007.3","24","006.1","24"," 12.9"," 6","  3.8","24","  8.9"," 10.7","  39.0"," ","  33.1"," "," 0.01","G","999.9","011000"
"01001099999","2018-06-14","70.9333333","-8.6666667","9.0","JAN MAYEN NOR NAVY, NO","  36.7","24","  31.1","24"," 999.2","24","998.0","24"," 15.5"," 6"," 16.3","24"," 31.1"," 41.0","  40.1"," ","  33.8"," "," 0.05","G","999.9","010000"
"01001099999","2018-06-15","70.9333333","-8.6666667","9.0","JAN MAYEN NOR NAVY, NO","  36.8","24","  34.0","24"," 993.7","24","992.6","24","  9.3"," 6"," 27.7","24"," 33.0"," 46.4","  38.8"," ","  33.8"," "," 0.00","G","999.9","110000"
"01001099999","2018-06-16","70.9333333","-8.6666667","9.0","JAN MAYEN NOR NAVY, NO","  35.7","24","  30.0","24","1005.0","24","003.8","24","  9.3"," 6"," 14.4","24"," 27.8"," 35.5","  37.8"," ","  32.7"," "," 0.00","G","999.9","011000"
"01001099999","2018-06-17","70.9333333","-8.6666667","9.0","JAN MAYEN NOR NAVY, NO","  37.5","24","  32.6","24","1009.3","24","008.1","24"," 19.7"," 6","  6.6","24"," 11.7"," 17.3","  39.7"," ","  34.5"," "," 0.00","G","999.9","000000"
"01001099999","2018-06-18","70.9333333","-8.6666667","9.0","JAN MAYEN NOR NAVY, NO","  42.3","24","  38.3","24"," 998.8","24","997.7","24"," 10.6"," 6","  7.7","24"," 16.9"," 23.7","  45.1"," ","  38.5"," "," 0.00","G","999.9","010000"
"01001099999","2018-06-19","70.9333333","-8.6666667","9.0","JAN MAYEN NOR NAVY, NO","  38.7","24","  36.6","24"," 994.4","24","993.2","24","  7.4"," 6"," 26.3","24"," 32.2"," 44.5","  43.3"," ","  37.4","*"," 0.01","G","999.9","010000"
"01001099999","2018-06-20","70.9333333","-8.6666667","9.0","JAN MAYEN NOR NAVY, NO","  38.8","24","  33.8","24","1006.6","24","005.4","24"," 11.0"," 6"," 18.6","24"," 28.4"," 37.3","  43.9"," ","  36.5","*"," 0.01","G","999.9","010000"
"01001099999","2018-06-21","70.9333333","-8.6666667","9.0","JAN MAYEN NOR NAVY, NO","  40.7","24","  32.8","24","1014.2","24","013.0","24"," 22.4"," 6","  8.4","24"," 34.2"," 41.6","  51.6"," ","  32.9","*"," 0.00","G","999.9","100000"
"01001099999","2018-06-22","70.9333333","-8.6666667","9.0","JAN MAYEN NOR NAVY, NO","  40.1","24","  38.7","24","1011.1","24","009.9","24","  4.4"," 6","  4.5","24","  8.4"," 39.8","  41.2","*","  37.8","*"," 0.00","G","999.9","010000"
"01001099999","2018-06-23","70.9333333","-8.6666667","9.0","JAN MAYEN NOR NAVY, NO","  40.5","24","  38.9","24","1008.8","24","007.6","24","  6.6"," 6","  6.9","24"," 14.0"," 21.8","  41.5"," ","  39.6"," "," 0.28","G","999.9","110000"
"01001099999","2018-06-24","70.9333333","-8.6666667","9.0","JAN MAYEN NOR NAVY, NO","  41.5","24","  40.1","24","1005.9","24","004.7","24","  6.4"," 5","  4.5","24","  7.8"," 12.0","  43.2","*","  39.6","*"," 0.01","G","999.9","110000"
"01001099999","2018-06-25","70.9333333","-8.6666667","9.0","JAN MAYEN NOR NAVY, NO","  41.5","24","  40.8","24"," 993.2","24","992.1","24","  3.9"," 6","  6.9","24"," 16.5"," 21.6","  43.0","*","  39.6","*"," 0.02","G","999.9","110000"
"01001099999","2018-06-26","70.9333333","-8.6666667","9.0","JAN MAYEN NOR NAVY, NO","  39.8","24","  37.5","24"," 997.7","24","996.5","24","  3.9"," 6"," 11.6","24"," 19.8"," 28.7","  43.2"," ","  37.8"," "," 0.54","G","  0.4","010000"
"01001099999","2018-06-27","70.9333333","-8.6666667","9.0","JAN MAYEN NOR NAVY, NO","  41.3","24","  37.9","24","1016.4","24","015.2","24"," 14.0"," 6","  9.2","24"," 23.3","999.9","  43.2"," ","  37.8"," "," 0.37","G","999.9","010000"
"01001099999","2018-06-28","70.9333333","-8.6666667","9.0","JAN MAYEN NOR NAVY, NO","  39.9","24","  35.2","24","1021.8","24","020.6","24"," 12.4"," 6"," 12.5","24"," 24.3"," 38.7","  48.7"," ","  36.0"," "," 0.00","G","999.9","010000"
"01001099999","2018-06-29","70.9333333","-8.6666667","9.0","JAN MAYEN NOR NAVY, NO","  39.5","24","  37.8","24","1024.3","24","023.1","24"," 10.2"," 6","  5.9","24"," 11.1"," 12.8","  45.1"," ","  35.4"," "," 0.00","G","999.9","110000"
"01001099999","2018-06-30","70.9333333","-8.6666667","9.0","JAN MAYEN NOR NAVY, NO","  41.8","24","  40.8","24","1016.4","24","015.2","24","  6.4"," 6","  5.9","24"," 12.8"," 14.6","  44.2"," ","  40.5","*"," 0.02","G","999.9","100000"
"01001099999","2018-07-01","70.9333333","-8.6666667","9.0","JAN MAYEN NOR NAVY, NO","  41.3","24","  40.8","24","1013.8","24","012.6","24","  0.7"," 6","  6.6","24"," 15.3"," 18.1","  42.3","*","  40.5"," "," 0.00","G","999.9","010000"
"01001099999","2018-07-02","70.9333333","-8.6666667","9.0","JAN MAYEN NOR NAVY, NO","  43.4","24","  42.0","24","1013.4","24","012.2","24","  7.9"," 6","  4.2","24"," 12.6"," 19.4","  48.4"," ","  41.2"," "," 0.24","G","  0.4","010000"
"01001099999","2018-07-03","70.9333333","-8.6666667","9.0","JAN MAYEN NOR NAVY, NO","  43.0","24","  41.9","24","1014.7","24","013.5","24","  7.3"," 6","  3.1","24","  5.8","999.9","  45.1"," ","  41.7"," "," 0.00","G","999.9","100000"
"01001099999","2018-07-04","70.9333333","-8.6666667","9.0","JAN MAYEN NOR NAVY, NO","  42.4","23","  40.1","23","1015.8","23","014.6","23"," 10.1"," 5","  4.7","23","  9.7","999.9","  46.4","*","  39.4","*"," 0.02","G","999.9","010000"
"01001099999","2018-07-05","70.9333333","-8.6666667","9.0","JAN MAYEN NOR NAVY, NO","  43.3","24","  42.3","24","1009.8","24","008.6","24","  9.6"," 6"," 10.8","24"," 17.5","999.9","  45.0"," ","  39.2"," "," 0.01","G","999.9","010000"
"01001099999","2018-07-06","70.9333333","-8.6666667","9.0","JAN MAYEN NOR NAVY, NO","  43.7","24","  42.6","24"," 998.0","24","996.9","24","  3.2"," 6"," 11.2","24"," 17.5"," 19.2","  44.6"," ","  42.8","*"," 0.06","G","999.9","110000"
"01001099999","2018-07-07","70.9333333","-8.6666667","9.0","JAN MAYEN NOR NAVY, NO","  43.1","24","  40.2","24","1002.0","24","000.8","24","  7.8"," 6"," 12.3","24"," 22.7"," 29.3","  45.9"," ","  40.6"," "," 0.19","G","999.9","110000"
"01001099999","2018-07-08","70.9333333","-8.6666667","9.0","JAN MAYEN NOR NAVY, NO","  41.6","20","  38.5","20","1008.9","20","007.7","20"," 10.9"," 4","  6.6","20"," 15.7"," 19.6","  45.7","*","  38.3"," "," 0.00","G","999.9","010000"
"01001099999","2018-07-09","70.9333333","-8.6666667","9.0","JAN MAYEN NOR NAVY, NO","  43.3","23","  41.1","23","1009.7","23","008.5","23"," 12.2"," 5"," 11.4","23"," 18.6"," 22.9","  46.2"," ","  41.7"," "," 0.00","G","999.9","010000"
"01001099999","2018-07-10","70.9333333","-8.6666667","9.0","JAN MAYEN NOR NAVY, NO","  44.9","24","  40.0","24","1011.9","24","010.7","24"," 16.4"," 6"," 19.0","24"," 23.5"," 35.0","  48.2"," ","  43.0"," "," 0.02","G","999.9","010000"
"01001099999","2018-07-11","70.9333333","-8.6666667","9.0","JAN MAYEN NOR NAVY, NO","  43.5","24","  41.0","24","1014.0","24","012.8","24"," 10.6"," 6","  7.1","24"," 16.3"," 19.8","  46.9"," ","  42.1","*"," 0.00","G","999.9","010000"
"01001099999","2018-07-12","70.9333333","-8.6666667","9.0","JAN MAYEN NOR NAVY, NO","  42.9","23","  40.1","23","1012.7","23","011.5","23","  8.8"," 5","  7.3","23"," 15.2"," 25.1","  47.7"," ","  40.5"," "," 0.03","G","999.9","010000"
"01001099999","2018-07-13","70.9333333","-8.6666667","9.0","JAN MAYEN NOR NAVY, NO","  41.6","24","  39.8","24","1010.4","24","009.2","24","  7.2"," 6","  4.6","24","  8.0"," 10.9","  42.8","*","  39.6"," "," 0.00","G","999.9","110000"
"01001099999","2018-07-14","70.9333333","-8.6666667","9.0","JAN MAYEN NOR NAVY, NO","  44.3","24","  43.1","24","1002.2","24","001.1","24","  5.9"," 6","  2.8","24","  7.0","999.9","  47.3"," ","  41.7"," "," 0.24","G","  0.4","010000"
"01001099999","2018-07-15","70.9333333","-8.6666667","9.0","JAN MAYEN NOR NAVY, NO","  43.0","24","  41.1","24","1003.0","24","001.8","24","  9.1"," 6"," 17.2","23"," 27.4"," 32.2","  46.4","*","  41.4","*"," 0.09","G","999.9","110000"
"01001099999","2018-07-16","70.9333333","-8.6666667","9.0","JAN MAYEN NOR NAVY, NO","  42.8","24","  41.4","24","1007.8","24","006.6","24","  5.2"," 6","  5.6","24"," 14.0"," 16.5","  44.6","*","  41.0"," "," 0.09","G","999.9","110000"
"01001099999","2018-07-17","70.9333333","-8.6666667","9.0","JAN MAYEN NOR NAVY, NO","  45.1","24","  43.9","24","1011.0","24","009.8","24"," 11.5"," 6","  3.8","24","  8.5"," 16.1","  49.1"," ","  41.7"," "," 0.17","G","999.9","010000"
"01001099999","2018-07-18","70.9333333","-8.6666667","9.0","JAN MAYEN NOR NAVY, NO","  46.0","22","  45.2","22","1011.6","22","010.4","22","  3.3"," 4","  2.8","22","  6.0"," 14.0","  47.7"," ","  44.1","*"," 0.00","G","999.9","010000"
"01001099999","2018-07-19","70.9333333","-8.6666667","9.0","JAN MAYEN NOR NAVY, NO","  44.1","22","  43.0","22","1000.3","22","999.2","22","  7.3"," 4","  9.6","22"," 27.2"," 32.6","  46.4"," ","  41.2","*"," 0.37","E","999.9","010000"
"01001099999","2018-07-20","70.9333333","-8.6666667","9.0","JAN MAYEN NOR NAVY, NO","  43.2","24","  41.8","24","1008.7","24","007.5","24","  6.7"," 6","  4.2","23"," 15.5"," 25.8","  45.5"," ","  41.2"," "," 0.05","E","999.9","110000"
"01001099999","2018-07-21","70.9333333","-8.6666667","9.0","JAN MAYEN NOR NAVY, NO","  43.0","24","  42.1","24","1004.0","24","002.8","24","  7.4"," 6","  3.1","24","  5.8","999.9","  44.2"," ","  41.9","*"," 0.05","E","999.9","010000"
"01001099999","2018-07-22","70.9333333","-8.6666667","9.0","JAN MAYEN NOR NAVY, NO","  43.4","23","  41.8","23"," 997.6","23","996.5","23","  9.4"," 5"," 20.2","23"," 26.6"," 35.7","  45.7"," ","  41.9","*"," 0.00","E","999.9","010000"
"01001099999","2018-07-23","70.9333333","-8.6666667","9.0","JAN MAYEN NOR NAVY, NO","  40.8","24","  37.4","24","1001.3","24","000.1","24"," 19.2"," 6"," 13.5","24"," 25.3"," 29.5","  43.2"," ","  39.2"," "," 0.00","G","999.9","010000"
"01001099999","2018-07-24","70.9333333","-8.6666667","9.0","JAN MAYEN NOR NAVY, NO","  42.3","24","  39.2","24","1002.3","24","001.1","24"," 16.6"," 6","  5.1","24"," 10.7"," 14.4","  46.0"," ","  38.5"," "," 0.00","G","999.9","010000"
"01001099999","2018-07-25","70.9333333","-8.6666667","9.0","JAN MAYEN NOR NAVY, NO","  44.6","24","  43.4","24","1004.3","24","003.2","24","  2.9"," 6","  2.8","24","  4.9","999.9","  46.9"," ","  43.0"," "," 0.02","G","999.9","110000"
"01001099999","2018-07-26","70.9333333","-8.6666667","9.0","JAN MAYEN NOR NAVY, NO","  43.6","23","  42.5","23","1014.3","23","013.1","23","  3.1"," 5","  8.3","23"," 14.0"," 15.9","  45.0"," ","  41.5"," "," 0.00","G","999.9","010000"
"01001099999","2018-07-27","70.9333333","-8.6666667","9.0","JAN MAYEN NOR NAVY, NO","  45.2","24","  44.7","24","1013.1","24","011.9","24","  1.3"," 6"," 10.3","24"," 16.1"," 21.8","  46.0"," ","  43.7","*"," 0.39","G","  0.4","010000"
"01001099999","2018-07-28","70.9333333","-8.6666667","9.0","JAN MAYEN NOR NAVY, NO","  46.2","22","  45.8","22","1015.0","22","013.8","22","  0.1"," 4","  4.5","22","  7.6"," 13.8","  47.7","*","  43.7","*"," 0.00","G","999.9","110000"
"01001099999","2018-07-29","70.9333333","-8.6666667","9.0","JAN MAYEN NOR NAVY, NO","  54.7","24","  52.0","24","1012.3","24","011.2","24","  9.9"," 6","  6.2","24"," 14.8"," 20.8","  64.4"," ","  46.0"," "," 0.00","G","999.9","110000"
"01001099999","2018-07-30","70.9333333","-8.6666667","9.0","JAN MAYEN NOR NAVY, NO","  49.0","24","  47.4","24","1014.1","24","012.9","24","  4.8"," 6","  3.4","24","  8.9"," 20.8","  53.8"," ","  44.8"," "," 0.15","G","999.9","010000"
"01001099999","2018-07-31","70.9333333","-8.6666667","9.0","JAN MAYEN NOR NAVY, NO","  46.7","24","  45.7","24","1014.8","24","013.6","24","  3.3"," 6","  5.6","24","  9.9"," 16.1","  50.4","*","  43.5"," "," 0.18","G","999.9","110000"
"01001099999","2018-08-01","70.9333333","-8.6666667","9.0","JAN MAYEN NOR NAVY, NO","  47.9","23","  46.3","23","1008.0","23","006.9","23","  6.0"," 5","  9.4","23"," 20.2"," 25.8","  51.8","*","  46.4"," "," 0.00","G","999.9","010000"
"01001099999","2018-08-02","70.9333333","-8.6666667","9.0","JAN MAYEN NOR NAVY, NO","  45.7","23","  45.0","23","1009.1","23","008.0","23","  2.0"," 5","  6.9","21"," 15.0"," 19.4","  47.7"," ","  43.9","*"," 0.24","B","999.9","110000"
"01001099999","2018-08-03","70.9333333","-8.6666667","9.0","JAN MAYEN NOR NAVY, NO","  44.7","24","  42.8","24","1014.4","24","013.2","24","  7.8"," 6","  8.2","24"," 13.2"," 18.6","  46.2"," ","  43.7"," ","99.99"," ","999.9","010000"
"01001099999","2018-08-04","70.9333333","-8.6666667","9.0","JAN MAYEN NOR NAVY, NO","  44.6","24","  43.7","24","1015.2","24","014.0","24","  4.2"," 6","  3.7","24","  9.3"," 11.7","  45.7"," ","  43.5"," "," 0.00","G","999.9","110000"
"01001099999","2018-08-05","70.9333333","-8.6666667","9.0","JAN MAYEN NOR NAVY, NO","  45.3","23","  44.8","23","1015.1","23","013.9","23","  0.7"," 5","  2.5","22","  4.1","999.9","  46.9"," ","  44.4"," "," 0.11","G","999.9","010000"
"01001099999","2018-08-06","70.9333333","-8.6666667","9.0","JAN MAYEN NOR NAVY, NO","  45.5","24","  44.5","24","1014.8","24","013.6","24","  4.8"," 6","  1.7","24","  3.1","999.9","  46.4"," ","  44.8"," "," 0.28","G","999.9","000000"
"01001099999","2018-08-07","70.9333333","-8.6666667","9.0","JAN MAYEN NOR NAVY, NO","  42.8","24","  40.5","24","1011.8","24","010.6","24"," 10.5"," 6","  6.1","24","  9.3"," 14.2","  45.9"," ","  40.6"," "," 0.00","G","999.9","010000"
"01001099999","2018-08-08","70.9333333","-8.6666667","9.0","JAN MAYEN NOR NAVY, NO","  45.3","22","  41.9","22","1006.3","22","005.1","22"," 32.1"," 6","  5.2","22"," 10.9"," 16.7","  48.7"," ","  41.4"," "," 0.01","G","999.9","010000"
"01001099999","2018-08-09","70.9333333","-8.6666667","9.0","JAN MAYEN NOR NAVY, NO","  47.6","24","  45.1","24","1006.5","24","005.4","24"," 23.8"," 6","  2.2","24","  4.3","999.9","  49.6"," ","  45.9","*"," 0.00","G","999.9","000000"
"01001099999","2018-08-10","70.9333333","-8.6666667","9.0","JAN MAYEN NOR NAVY, NO","  46.7","24","  44.5","24","1011.8","24","010.6","24"," 11.3"," 6","  2.8","24","  5.8","999.9","  49.5"," ","  44.4"," "," 0.00","G","999.9","100000"
"01001099999","2018-08-11","70.9333333","-8.6666667","9.0","JAN MAYEN NOR NAVY, NO","  45.9","24","  41.4","24","1015.3","24","014.1","24"," 20.7"," 6","  8.4","24"," 15.0"," 21.8","  48.9"," ","  42.8","*"," 0.00","G","999.9","000000"
"01001099999","2018-08-12","70.9333333","-8.6666667","9.0","JAN MAYEN NOR NAVY, NO","  44.0","24","  40.6","24","1015.9","24","014.7","24"," 20.7"," 6","  4.0","24","  8.5"," 13.4","  47.1"," ","  41.0"," "," 0.00","G","999.9","010000"
"01001099999","2018-08-13","70.9333333","-8.6666667","9.0","JAN MAYEN NOR NAVY, NO","  45.3","22","  42.4","22","1012.5","22","011.3","22"," 17.4"," 5","  3.3","22"," 11.1"," 13.8","  47.5"," ","  41.4"," "," 0.00","G","999.9","010000"
"01001099999","2018-08-14","70.9333333","-8.6666667","9.0","JAN MAYEN NOR NAVY, NO","  46.9","23","  44.4","23","1010.1","23","008.9","23"," 32.6"," 6","  5.8","22","  8.9"," 13.8","  49.5"," ","  45.3"," "," 0.00","G","999.9","000000"
"01001099999","2018-08-15","70.9333333","-8.6666667","9.0","JAN MAYEN NOR NAVY, NO","  47.8","24","  44.7","24","1005.5","24","004.4","24"," 21.2"," 6"," 10.9","24"," 13.8"," 18.1","  49.8"," ","  45.3"," "," 0.00","G","999.9","000000"
"01001099999","2018-08-16","70.9333333","-8.6666667","9.0","JAN MAYEN NOR NAVY, NO","  49.3","24","  44.4","24"," 997.5","24","996.4","24"," 12.4"," 6"," 10.8","24"," 17.5"," 29.3","  53.6"," ","  46.8"," "," 0.07","E","999.9","010000"
"01001099999","2018-08-17","70.9333333","-8.6666667","9.0","JAN MAYEN NOR NAVY, NO","  48.9","24","  46.4","24"," 991.6","24","990.5","24"," 10.4"," 6","  4.5","24"," 13.8"," 21.2","  51.1"," ","  45.7","*"," 0.25","G","999.9","110000"
"01001099999","2018-08-18","70.9333333","-8.6666667","9.0","JAN MAYEN NOR NAVY, NO","  45.4","24","  43.1","24"," 992.6","24","991.5","24"," 10.4"," 6"," 20.2","24"," 26.0"," 32.8","  50.4"," ","  42.6"," "," 0.02","G","999.9","010000"
"01001099999","2018-08-19","70.9333333","-8.6666667","9.0","JAN MAYEN NOR NAVY, NO","  43.9","23","  40.0","23","1004.8","23","003.7","23"," 25.5"," 5"," 13.1","23"," 25.6"," 33.0","  45.7","*","  42.3","*"," 0.00","G","999.9","010000"
"01001099999","2018-08-20","70.9333333","-8.6666667","9.0","JAN MAYEN NOR NAVY, NO","  44.1","24","  39.1","24","1009.6","24","008.5","24"," 25.4"," 6","  9.3","24"," 22.0"," 27.0","  46.9"," ","  41.5"," "," 0.03","G","999.9","010000"
"01001099999","2018-08-21","70.9333333","-8.6666667","9.0","JAN MAYEN NOR NAVY, NO","  45.5","24","  43.3","24","1010.0","24","008.8","24","  9.3"," 5","  5.4","24","  9.7"," 15.9","  47.5"," ","  43.7","*"," 0.02","G","999.9","010000"
"01001099999","2018-08-22","70.9333333","-8.6666667","9.0","JAN MAYEN NOR NAVY, NO","  44.2","24","  41.6","24","1005.3","24","004.2","24"," 11.6"," 6","  7.6","24"," 11.7"," 16.3","  45.3"," ","  43.2"," "," 0.01","G","999.9","010000"
"01001099999","2018-08-23","70.9333333","-8.6666667","9.0","JAN MAYEN NOR NAVY, NO","  43.8","24","  39.6","24","1005.6","24","004.4","24"," 18.6"," 6"," 10.2","24"," 17.5"," 22.7","  45.3"," ","  42.8"," "," 0.00","G","999.9","000000"
"01001099999","2018-08-24","70.9333333","-8.6666667","9.0","JAN MAYEN NOR NAVY, NO","  42.7","24","  37.1","24","1008.6","24","007.4","24"," 31.1"," 6"," 15.6","24"," 21.4"," 27.2","  44.4"," ","  41.0"," "," 0.02","G","999.9","010000"
"01001099999","2018-08-25","70.9333333","-8.6666667","9.0","JAN MAYEN NOR NAVY, NO","  42.4","24","  38.2","24","1003.4","24","002.2","24"," 12.9"," 6"," 20.9","24"," 31.1"," 37.5","  43.7"," ","  41.2"," "," 0.02","G","999.9","010000"
"01001099999","2018-08-26","70.9333333","-8.6666667","9.0","JAN MAYEN NOR NAVY, NO","  44.0","24","  40.8","24","1002.4","24","001.3","24"," 11.5"," 6"," 10.1","24"," 17.5"," 23.3","  45.7"," ","  42.1"," "," 0.33","G","  0.4","010000"
"01001099999","2018-08-27","70.9333333","-8.6666667","9.0","JAN MAYEN NOR NAVY, NO","  45.3","24","  42.5","24","1006.0","24","004.9","24"," 12.9"," 6"," 13.9","23"," 17.3"," 21.0","  47.7"," ","  43.2","*"," 0.11","G","999.9","010000"
"01001099999","2018-08-28","70.9333333","-8.6666667","9.0","JAN MAYEN NOR NAVY, NO","  44.8","24","  41.3","24","1005.4","24","004.3","24"," 20.2"," 6"," 13.2","24"," 19.6"," 23.9","  47.3","*","  42.3"," "," 0.01","G","999.9","010000"
"01001099999","2018-08-29","70.9333333","-8.6666667","9.0","JAN MAYEN NOR NAVY, NO","  45.4","24","  43.6","24"," 994.9","24","993.8","24"," 11.2"," 6"," 16.3","24"," 22.0"," 33.4","  47.3"," ","  41.0","*"," 0.35","G","  0.4","010000"
"01001099999","2018-08-30","70.9333333","-8.6666667","9.0","JAN MAYEN NOR NAVY, NO","  42.0","24","  35.0","24","1005.1","24","003.9","24"," 26.0"," 6"," 14.4","24"," 22.7"," 47.4","  44.8"," ","  39.9"," "," 0.04","G","999.9","010000"
"01001099999","2018-08-31","70.9333333","-8.6666667","9.0","JAN MAYEN NOR NAVY, NO","  44.5","24","  42.9","24","1006.2","24","005.1","24","  4.1"," 6"," 14.9","24"," 19.8"," 23.9","  45.5","*","  41.4"," "," 0.01","G","999.9","010000"
"01001099999","2018-09-01","70.9333333","-8.6666667","9.0","JAN MAYEN NOR NAVY, NO","  45.2","24","  42.6","24"," 992.9","24","991.8","24"," 10.1"," 6"," 21.1","24"," 29.5"," 37.3","  46.8"," ","  43.7","*"," 0.38","G","999.9","010000"
"01001099999","2018-09-02","70.9333333","-8.6666667","9.0","JAN MAYEN NOR NAVY, NO","  41.4","24","  36.5","24"," 999.7","24","998.5","24"," 13.5"," 6"," 12.1","24"," 23.3"," 31.7","  44.2"," ","  38.7","*"," 0.02","G","999.9","010000"
"01001099999","2018-09-03","70.9333333","-8.6666667","9.0","JAN MAYEN NOR NAVY, NO","  40.8","24","  36.2","24","1008.4","24","007.2","24"," 18.1"," 6","  9.7","24"," 21.4"," 28.0","  43.0"," ","  38.8"," "," 0.00","G","999.9","010000"
"01001099999","2018-09-04","70.9333333","-8.6666667","9.0","JAN MAYEN NOR NAVY, NO","  43.6","24","  40.6","24","1015.6","24","014.4","24"," 18.6"," 6","  7.5","24"," 13.6"," 14.4","  45.9","*","  38.7"," "," 0.00","G","999.9","000000"
"01001099999","2018-09-05","70.9333333","-8.6666667","9.0","JAN MAYEN NOR NAVY, NO","  45.2","22","  44.3","22","1016.5","22","015.3","22","  2.3"," 4","  6.6","22"," 17.5","999.9","  46.2","*","  43.0","*"," 0.19","G","999.9","010000"
"01001099999","2018-09-06","70.9333333","-8.6666667","9.0","JAN MAYEN NOR NAVY, NO","  42.7","24","  40.6","24","1022.5","24","021.3","24"," 15.5"," 6","  9.9","24"," 22.3"," 26.8","  46.4"," ","  41.4"," "," 0.00","G","999.9","010000"
"01001099999","2018-09-07","70.9333333","-8.6666667","9.0","JAN MAYEN NOR NAVY, NO","  43.6","24","  42.8","24","1022.4","24","021.2","24","  1.8"," 6","  7.0","24"," 15.5"," 17.7","  44.8"," ","  41.9"," "," 0.01","G","999.9","010000"
"01001099999","2018-09-08","70.9333333","-8.6666667","9.0","JAN MAYEN NOR NAVY, NO","  44.5","24","  42.6","24","1020.0","24","018.8","24"," 19.2"," 6"," 10.2","24"," 13.6"," 18.1","  45.1"," ","  43.5"," "," 0.02","G","999.9","010000"
"01001099999","2018-09-09","70.9333333","-8.6666667","9.0","JAN MAYEN NOR NAVY, NO","  46.5","24","  44.6","24","1010.3","24","009.2","24"," 14.9"," 6","  6.5","24"," 14.0"," 24.5","  48.6"," ","  44.2"," "," 0.00","G","999.9","100000"
"01001099999","2018-09-10","70.9333333","-8.6666667","9.0","JAN MAYEN NOR NAVY, NO","  46.7","24","  46.0","24","1000.8","24","999.7","24","  1.0"," 6","  6.8","24"," 13.8"," 16.7","  48.7"," ","  45.7","*"," 0.01","G","999.9","010000"
"01001099999","2018-09-11","70.9333333","-8.6666667","9.0","JAN MAYEN NOR NAVY, NO","  46.8","24","  45.6","24"," 995.2","24","994.1","24","  5.2"," 6"," 10.6","24"," 18.8"," 24.5","  47.8"," ","  45.7"," "," 0.09","G","999.9","010000"
"01001099999","2018-09-12","70.9333333","-8.6666667","9.0","JAN MAYEN NOR NAVY, NO","  44.5","24","  42.1","24"," 998.1","24","997.0","24","  3.6"," 6"," 16.7","24"," 28.7"," 40.6","  47.3"," ","  41.4","*"," 0.00","G","999.9","010000"
"01001099999","2018-09-13","70.9333333","-8.6666667","9.0","JAN MAYEN NOR NAVY, NO","  42.9","22","  41.4","22"," 998.3","22","997.2","22","  8.4"," 4"," 23.3","22"," 28.2"," 39.6","  44.1"," ","  41.0"," "," 0.08","G","999.9","010000"
"01001099999","2018-09-14","70.9333333","-8.6666667","9.0","JAN MAYEN NOR NAVY, NO","  41.5","24","  39.3","24","1000.7","24","999.5","24"," 14.2"," 6"," 22.5","24"," 27.2"," 39.8","  42.6"," ","  40.8"," "," 0.04","G","999.9","010000"
"01001099999","2018-09-15","70.9333333","-8.6666667","9.0","JAN MAYEN NOR NAVY, NO","  44.2","16","  41.8","16","1003.9","16","002.8","16"," 14.4"," 5"," 11.0","16"," 18.6"," 24.3","  47.1","*","  41.5"," "," 0.00","G","999.9","000000"
"01001099999","2018-09-16","70.9333333","-8.6666667","9.0","JAN MAYEN NOR NAVY, NO","  45.4"," 7","  42.2"," 7","1009.4"," 7","008.2"," 7"," 21.7"," 4"," 11.4"," 7"," 17.5","999.9","  47.5"," ","  44.2","*"," 0.00","G","999.9","000000"
"01001099999","2018-09-18","70.9333333","-8.6666667","9.0","JAN MAYEN NOR NAVY, NO","  42.7","11","  37.6","11","1008.6","11","007.4","11"," 19.4"," 4","  9.8","11"," 15.5"," 22.3","  44.6"," ","  41.7"," "," 0.01","E","999.9","010000"
"01001099999","2018-09-19","70.9333333","-8.6666667","9.0","JAN MAYEN NOR NAVY, NO","  40.7","22","  37.2","22","1002.7","22","001.5","22"," 13.0"," 6"," 22.8","22"," 31.1"," 40.4","  43.3"," ","  38.3"," "," 0.00","E","999.9","010000"
"01001099999","2018-09-20","70.9333333","-8.6666667","9.0","JAN MAYEN NOR NAVY, NO","  41.0","12","  37.4","12"," 991.2","12","990.1","12","  1.6"," 6"," 32.6","12"," 38.9"," 50.5","  41.5"," ","  40.1"," "," 0.02","G","999.9","010000"
"01001099999","2018-09-21","70.9333333","-8.6666667","9.0","JAN MAYEN NOR NAVY, NO","  39.3","18","  34.0","18","1002.1","18","000.9","18"," 11.9"," 6"," 24.8","18"," 32.4"," 45.8","  40.6"," ","  37.2"," "," 0.81","G","999.9","010000"
"01001099999","2018-09-22","70.9333333","-8.6666667","9.0","JAN MAYEN NOR NAVY, NO","  34.4","12","  25.2","12","1007.1","12","005.9","12"," 14.6"," 6"," 21.6","12"," 28.0"," 40.6","  37.0","*","  32.0","*"," 0.02","G","999.9","010000"
"01001099999","2018-09-23","70.9333333","-8.6666667","9.0","JAN MAYEN NOR NAVY, NO","  31.8","14","  20.2","14","1009.4","14","008.2","14"," 16.6"," 6"," 14.2","14"," 21.4"," 35.4","  33.3"," ","  31.3"," "," 0.00","G","999.9","011000"
"01001099999","2018-09-25","70.9333333","-8.6666667","9.0","JAN MAYEN NOR NAVY, NO","  39.3","17","  35.3","17"," 991.8","17","990.7","17"," 19.2"," 6"," 14.4","17"," 31.5"," 42.0","  42.3"," ","  35.4"," "," 0.02","G","999.9","010000"
"01001099999","2018-09-26","70.9333333","-8.6666667","9.0","JAN MAYEN NOR NAVY, NO","  32.5","22","  25.4","22","1000.6","22","999.4","22"," 11.9"," 6"," 15.9","22"," 31.1"," 46.2","  39.4"," ","  30.6","*"," 0.01","G","999.9","011000"
"01001099999","2018-09-27","70.9333333","-8.6666667","9.0","JAN MAYEN NOR NAVY, NO","  31.2","24","  19.1","24","1008.0","24","006.8","24"," 20.2"," 6","  7.2","24"," 11.7"," 20.8","  34.3"," ","  29.1"," "," 0.01","G","999.9","011000"
"01001099999","2018-09-28","70.9333333","-8.6666667","9.0","JAN MAYEN NOR NAVY, NO","  34.6","23","  25.6","23","1002.9","23","001.7","23"," 28.5"," 6"," 11.5","23"," 19.4"," 21.4","  39.6","*","  30.7"," "," 0.01","G","999.9","011000"
"01001099999","2018-09-29","70.9333333","-8.6666667","9.0","JAN MAYEN NOR NAVY, NO","  39.1","24","  35.3","24"," 991.0","24","989.9","24"," 13.9"," 5"," 13.0","24"," 18.8"," 23.7","  40.1","*","  35.8"," "," 0.12","G","999.9","010000"
"01001099999","2018-09-30","70.9333333","-8.6666667","9.0","JAN MAYEN NOR NAVY, NO","  33.7","24","  25.6","24","1007.8","24","006.6","24"," 22.3"," 6"," 20.5","24"," 25.8"," 36.3","  40.3"," ","  31.3","*"," 0.25","G","999.9","011000"
"01001099999","2018-10-01","70.9333333","-8.6666667","9.0","JAN MAYEN NOR NAVY, NO","  34.4","24","  28.4","24","1013.9","24","012.7","24"," 18.3"," 6"," 14.0","24"," 21.4"," 27.6","  38.5"," ","  31.1"," "," 0.02","G","999.9","001000"
"01001099999","2018-10-02","70.9333333","-8.6666667","9.0","JAN MAYEN NOR NAVY, NO","  36.0","24","  27.3","24","1014.8","24","013.6","24"," 34.2"," 5"," 10.0","24"," 18.5"," 21.8","  37.8"," ","  34.0","*"," 0.00","G","999.9","000000"
"01001099999","2018-10-03","70.9333333","-8.6666667","9.0","JAN MAYEN NOR NAVY, NO","  34.0","24","  25.3","24","1019.3","24","018.1","24"," 19.7"," 6","  6.5","24"," 11.7"," 17.3","  35.8"," ","  31.1","*"," 0.00","E","999.9","001000"
"01001099999","2018-10-04","70.9333333","-8.6666667","9.0","JAN MAYEN NOR NAVY, NO","  32.6","24","  24.8","24","1009.1","24","007.9","24"," 33.8"," 6","  7.3","24"," 14.4"," 18.3","  35.1"," ","  29.1"," "," 0.03","G","999.9","010000"
"01001099999","2018-10-05","70.9333333","-8.6666667","9.0","JAN MAYEN NOR NAVY, NO","  33.9","24","  26.7","24","1005.5","24","004.3","24"," 20.7"," 6"," 12.4","24"," 23.9"," 32.2","  36.0"," ","  29.8","*"," 0.00","G","999.9","011000"
"01001099999","2018-10-06","70.9333333","-8.6666667","9.0","JAN MAYEN NOR NAVY, NO","  33.4","24","  24.5","24","1004.0","24","002.8","24"," 30.6"," 6","  6.0","24"," 14.6"," 24.9","  36.3"," ","  29.7"," "," 0.00","G","999.9","010000"
"01001099999","2018-10-07","70.9333333","-8.6666667","9.0","JAN MAYEN NOR NAVY, NO","  36.7","24","  27.6","24"," 997.9","24","996.7","24"," 27.4"," 6"," 12.8","24"," 25.3"," 34.8","  39.2","*","  33.1"," "," 0.02","G","999.9","011000"
"01001099999","2018-10-08","70.9333333","-8.6666667","9.0","JAN MAYEN NOR NAVY, NO","  35.5","24","  27.0","24"," 988.4","24","987.3","24"," 14.0"," 6"," 23.3","24"," 31.1"," 45.5","  39.4"," ","  33.3","*"," 0.00","G","999.9","011000"
"01001099999","2018-10-09","70.9333333","-8.6666667","9.0","JAN MAYEN NOR NAVY, NO","  32.7","24","  24.2","24"," 997.2","24","996.0","24"," 16.1"," 6"," 10.4","24"," 21.4"," 28.2","  34.2"," ","  29.3"," "," 0.00","G","999.9","001000"
"01001099999","2018-10-10","70.9333333","-8.6666667","9.0","JAN MAYEN NOR NAVY, NO","  37.0","24","  32.5","24","1002.4","24","001.2","24"," 36.8"," 6","  9.4","24"," 15.3"," 21.2","  41.7"," ","  29.3"," "," 0.03","G","999.9","001000"
"01001099999","2018-10-11","70.9333333","-8.6666667","9.0","JAN MAYEN NOR NAVY, NO","  41.2","24","  38.4","24","1007.2","24","006.0","24"," 22.8"," 6","  9.1","24"," 21.4","999.9","  44.2"," ","  38.7","*"," 0.04","G","999.9","010000"
"01001099999","2018-10-12","70.9333333","-8.6666667","9.0","JAN MAYEN NOR NAVY, NO","  44.0","24","  43.2","24"," 995.0","24","993.9","24","  0.3"," 6"," 11.8","24"," 19.2"," 24.5","  45.7"," ","  42.3","*"," 0.06","G","999.9","100000"
"01001099999","2018-10-13","70.9333333","-8.6666667","9.0","JAN MAYEN NOR NAVY, NO","  43.3","24","  41.9","24"," 975.6","24","974.5","24","  1.2"," 6"," 12.4","24"," 28.4"," 35.2","  46.6"," ","  37.8"," "," 0.35","G","999.9","110000"
"01001099999","2018-10-14","70.9333333","-8.6666667","9.0","JAN MAYEN NOR NAVY, NO","  37.9","24","  33.7","24"," 981.1","24","980.0","24","  4.6"," 6"," 18.7","24"," 29.1"," 42.0","  39.4","*","  36.9"," "," 0.19","G","999.9","010000"
"01001099999","2018-10-15","70.9333333","-8.6666667","9.0","JAN MAYEN NOR NAVY, NO","  36.7","24","  31.6","24"," 991.5","24","990.4","24"," 25.4"," 6"," 10.1","24"," 19.6"," 26.0","  39.6"," ","  33.8","*"," 0.09","G","999.9","010000"
"01001099999","2018-10-16","70.9333333","-8.6666667","9.0","JAN MAYEN NOR NAVY, NO","  39.1","24","  36.1","24"," 996.3","24","995.1","24"," 15.8"," 6"," 12.2","24"," 19.4"," 23.7","  42.1","*","  33.4"," "," 0.00","G","999.9","010000"
"01001099999","2018-10-17","70.9333333","-8.6666667","9.0","JAN MAYEN NOR NAVY, NO","  42.5","24","  40.7","24"," 982.2","24","981.1","24","  2.4"," 6"," 15.3","24"," 23.3"," 29.9","  45.1"," ","  39.6","*"," 0.22","G","  0.4","110000"
"01001099999","2018-10-18","70.9333333","-8.6666667","9.0","JAN MAYEN NOR NAVY, NO","  36.2","24","  34.3","24","1001.3","24","000.1","24","  0.9"," 6"," 15.1","24"," 26.4"," 36.7","  41.5"," ","  33.3"," "," 0.24","G","999.9","110000"
"01001099999","2018-10-19","70.9333333","-8.6666667","9.0","JAN MAYEN NOR NAVY, NO","  40.8","19","  39.9","19"," 996.9","19","995.8","19","  2.6"," 5"," 17.1","19"," 22.1"," 27.2","  43.3"," ","  33.4"," "," 0.07","G","999.9","010000"
"01001099999","2018-10-20","70.9333333","-8.6666667","9.0","JAN MAYEN NOR NAVY, NO","  38.3","24","  36.6","24"," 984.8","24","983.6","24","  4.9"," 6"," 13.1","24"," 26.4"," 36.3","  41.5"," ","  34.5"," "," 0.30","G","999.9","010000"
"01001099999","2018-10-21","70.9333333","-8.6666667","9.0","JAN MAYEN NOR NAVY, NO","  31.7","24","  28.4","24"," 979.2","24","978.0","24","  2.5"," 6"," 19.6","24"," 32.6"," 46.4","  36.9","*","  29.3"," "," 0.48","G","999.9","011000"
"01001099999","2018-10-22","70.9333333","-8.6666667","9.0","JAN MAYEN NOR NAVY, NO","  29.6","24","  25.4","24"," 991.2","24","990.0","24","  4.2"," 6"," 17.1","24"," 23.5"," 41.4","  30.7"," ","  28.2"," "," 0.07","G","999.9","011000"
"01001099999","2018-10-23","70.9333333","-8.6666667","9.0","JAN MAYEN NOR NAVY, NO","  31.8","18","  28.5","18"," 998.8","18","997.6","18","  1.9"," 4"," 22.8","18"," 28.4"," 46.2","  34.3","*","  29.1"," "," 0.19","G","999.9","001000"
"01001099999","2018-10-24","70.9333333","-8.6666667","9.0","JAN MAYEN NOR NAVY, NO","  36.1","23","  32.2","23","1006.8","23","005.6","23"," 16.6"," 6"," 17.0","23"," 28.7"," 41.0","  37.8"," ","  31.8"," "," 0.22","G","999.9","010000"
"01001099999","2018-10-25","70.9333333","-8.6666667","9.0","JAN MAYEN NOR NAVY, NO","  33.1","24","  26.9","24","1016.1","24","014.9","24"," 17.1"," 6"," 18.7","24"," 24.9"," 31.5","  35.6"," ","  30.7","*"," 0.01","G","999.9","000000"
"01001099999","2018-10-26","70.9333333","-8.6666667","9.0","JAN MAYEN NOR NAVY, NO","  34.6","22","  29.4","22","1022.8","22","021.6","22"," 12.5"," 6"," 25.6","22"," 38.3"," 51.9","  36.5"," ","  30.6"," "," 0.01","G","999.9","010000"
"01001099999","2018-10-27","70.9333333","-8.6666667","9.0","JAN MAYEN NOR NAVY, NO","  32.4","24","  26.4","24","1031.9","24","030.8","24"," 18.6"," 6"," 10.8","24"," 19.2"," 28.4","  35.4"," ","  29.8"," "," 0.06","G","999.9","011000"
"01001099999","2018-10-28","70.9333333","-8.6666667","9.0","JAN MAYEN NOR NAVY, NO","  35.9","24","  32.7","24","1006.2","24","005.0","24","  7.2"," 6"," 18.8","24"," 26.8"," 33.0","  39.2","*","  29.7"," "," 0.04","G","999.9","010000"
"01001099999","2018-10-29","70.9333333","-8.6666667","9.0","JAN MAYEN NOR NAVY, NO","  40.3","24","  38.5","24","1001.2","24","000.0","24","  2.3"," 6"," 21.8","24"," 25.3"," 31.3","  41.0"," ","  38.1"," "," 0.46","G","999.9","110000"
"01001099999","2018-10-30","70.9333333","-8.6666667","9.0","JAN MAYEN NOR NAVY, NO","  39.4","24","  37.7","24","1009.6","24","008.4","24","  4.8"," 6"," 13.9","24"," 22.5"," 26.8","  41.2"," ","  37.4","*"," 0.21","G","999.9","110000"
"01001099999","2018-10-31","70.9333333","-8.6666667","9.0","JAN MAYEN NOR NAVY, NO","  36.6","24","  31.5","24","1009.7","24","008.5","24"," 18.6"," 6","  7.7","24"," 18.1"," 25.1","  39.0"," ","  34.5"," "," 0.13","G","999.9","000000"
"01001099999","2018-11-01","70.9333333","-8.6666667","9.0","JAN MAYEN NOR NAVY, NO","  39.6","23","  35.5","23","1001.9","23","000.7","23"," 11.8"," 5"," 18.0","23"," 27.8"," 35.7","  40.5"," ","  36.0"," "," 0.00","G","999.9","010000"
"01001099999","2018-11-02","70.9333333","-8.6666667","9.0","JAN MAYEN NOR NAVY, NO","  38.4","24","  35.8","24"," 995.4","24","994.3","24","  9.0"," 6"," 10.8","24"," 18.8"," 25.4","  40.6"," ","  36.0","*"," 0.05","G","999.9","010000"
"01001099999","2018-11-03","70.9333333","-8.6666667","9.0","JAN MAYEN NOR NAVY, NO","  34.5","24","  31.1","24"," 989.0","24","987.8","24","  6.1"," 6"," 16.9","24"," 26.0"," 32.4","  38.1"," ","  32.4","*"," 0.27","G","999.9","011000"
"01001099999","2018-11-04","70.9333333","-8.6666667","9.0","JAN MAYEN NOR NAVY, NO","  36.0","24","  33.7","24"," 983.7","24","982.6","24","  2.3"," 6"," 16.5","24"," 25.8"," 36.7","  38.5"," ","  33.8","*"," 0.04","G","999.9","010000"
"01001099999","2018-11-05","70.9333333","-8.6666667","9.0","JAN MAYEN NOR NAVY, NO","  30.4","24","  27.3","24"," 992.4","24","991.2","24","  4.1"," 6"," 14.7","24"," 33.8"," 42.3","  36.3"," ","  28.9"," "," 0.10","G","999.9","011000"
"01001099999","2018-11-06","70.9333333","-8.6666667","9.0","JAN MAYEN NOR NAVY, NO","  30.7","24","  26.8","24","1006.9","24","005.7","24","  2.5"," 6"," 10.8","24"," 17.9"," 24.3","  31.3"," ","  29.3"," "," 0.04","G","999.9","011000"
"01001099999","2018-11-07","70.9333333","-8.6666667","9.0","JAN MAYEN NOR NAVY, NO","  36.5","24","  33.0","24","1013.8","24","012.6","24"," 17.1"," 6"," 13.1","24"," 21.4"," 26.8","  42.3"," ","  30.6"," "," 0.00","G","999.9","011000"
"01001099999","2018-11-08","70.9333333","-8.6666667","9.0","JAN MAYEN NOR NAVY, NO","  41.9","24","  40.3","24","1012.6","24","011.4","24","  4.1"," 6"," 14.3","24"," 19.4"," 25.3","  43.0"," ","  40.8"," "," 0.15","G","999.9","100000"
"01001099999","2018-11-09","70.9333333","-8.6666667","9.0","JAN MAYEN NOR NAVY, NO","  40.9","22","  40.0","22","1003.9","22","002.7","22","  2.1"," 4"," 11.9","22"," 19.0"," 21.4","  42.1"," ","  39.9"," "," 0.00","G","999.9","010000"
"01001099999","2018-11-10","70.9333333","-8.6666667","9.0","JAN MAYEN NOR NAVY, NO","  40.4","24","  38.6","24","1006.5","24","005.3","24","  2.5"," 6","  7.2","24"," 17.7"," 22.0","  42.1"," ","  38.5"," "," 0.13","G","999.9","110000"
"01001099999","2018-11-11","70.9333333","-8.6666667","9.0","JAN MAYEN NOR NAVY, NO","  38.1","24","  34.8","24","1005.0","24","003.9","24"," 11.9"," 6"," 21.4","24"," 28.9"," 42.9","  42.3"," ","  34.9"," "," 0.01","G","999.9","010000"
"01001099999","2018-11-12","70.9333333","-8.6666667","9.0","JAN MAYEN NOR NAVY, NO","  35.7","24","  32.0","24","1006.8","24","005.6","24"," 16.6"," 6"," 11.5","24"," 23.3"," 31.3","  37.0"," ","  34.7"," "," 0.00","G","999.9","000000"
"01001099999","2018-11-13","70.9333333","-8.6666667","9.0","JAN MAYEN NOR NAVY, NO","  37.0","24","  33.3","24","1006.0","24","004.8","24"," 15.5"," 6"," 13.8","24"," 18.1"," 26.0","  38.3","*","  35.1"," "," 0.00","G","999.9","010000"
"01001099999","2018-11-14","70.9333333","-8.6666667","9.0","JAN MAYEN NOR NAVY, NO","  34.2","24","  30.6","24","1002.2","24","001.0","24"," 10.3"," 6"," 20.8","24"," 34.0"," 48.0","  37.0"," ","  32.2"," "," 0.00","G","999.9","011000"
"01001099999","2018-11-15","70.9333333","-8.6666667","9.0","JAN MAYEN NOR NAVY, NO","  35.0","24","  30.8","24"," 999.2","24","998.0","24"," 24.4"," 6"," 19.2","24"," 27.2"," 35.2","  40.6"," ","  31.6"," "," 0.02","G","999.9","000000"
"01001099999","2018-11-16","70.9333333","-8.6666667","9.0","JAN MAYEN NOR NAVY, NO","  38.4","16","  36.0","16"," 993.8","16","992.7","16","  2.4"," 4"," 16.1","16"," 29.9"," 44.9","  42.1"," ","  34.9","*"," 0.00","G","999.9","010000"
"01001099999","2018-11-23","70.9333333","-8.6666667","9.0","JAN MAYEN NOR NAVY, NO","  33.0","24","  22.7","24","1025.8","24","024.6","24"," 41.4"," 6"," 12.1","24"," 19.8"," 31.7","  35.6","*","  29.8"," "," 0.00","G","999.9","000000"
"01001099999","2018-11-24","70.9333333","-8.6666667","9.0","JAN MAYEN NOR NAVY, NO","  33.1","24","  20.9","24","1024.4","24","023.2","24"," 29.0"," 6"," 12.9","24"," 27.2"," 33.0","  36.5"," ","  28.9"," "," 0.00","G","999.9","001000"
"01001099999","2018-11-25","70.9333333","-8.6666667","9.0","JAN MAYEN NOR NAVY, NO","  32.5","24","  24.3","24","1023.7","24","022.5","24"," 43.5"," 6","  9.5","24"," 25.3"," 27.2","  37.4"," ","  27.7"," "," 0.00","G","999.9","000000"
"01001099999","2018-11-26","70.9333333","-8.6666667","9.0","JAN MAYEN NOR NAVY, NO","  31.2","24","  25.8","24","1019.0","24","017.8","24"," 28.5"," 6","  7.2","24"," 26.6"," 33.8","  33.6"," ","  27.3"," "," 0.00","G","999.9","000000"
"01001099999","2018-11-27","70.9333333","-8.6666667","9.0","JAN MAYEN NOR NAVY, NO","  20.4","24","  11.8","24","1021.8","24","020.6","24","  7.8"," 6"," 16.9","24"," 23.3"," 31.9","  33.4"," ","  17.6"," "," 0.00","H","999.9","001000"
"01001099999","2018-11-28","70.9333333","-8.6666667","9.0","JAN MAYEN NOR NAVY, NO","  19.4","24","  11.4","24","1015.8","24","014.6","24"," 10.6"," 6"," 15.9","24"," 23.5"," 34.0","  20.5"," ","  17.8"," "," 0.02","G","999.9","001000"
"01001099999","2018-11-29","70.9333333","-8.6666667","9.0","JAN MAYEN NOR NAVY, NO","  23.0","24","  13.9","24","1000.2","24","999.0","24","  8.4"," 6"," 21.6","24"," 32.1"," 46.2","  28.4","*","  18.7"," "," 0.00","G","999.9","001000"
"01001099999","2018-11-30","70.9333333","-8.6666667","9.0","JAN MAYEN NOR NAVY, NO","  31.5","24","  21.7","24"," 992.1","24","990.9","24","  3.9"," 6"," 28.1","24"," 42.3"," 63.1","  33.4"," ","  24.1"," ","99.99"," ","999.9","001000"
"01001099999","2018-12-01","70.9333333","-8.6666667","9.0","JAN MAYEN NOR NAVY, NO","  32.3","24","  25.3","24"," 988.5","24","987.3","24","  4.6"," 6"," 33.7","24"," 42.7"," 57.3","  33.4"," ","  28.9"," "," 0.00","G","999.9","001000"
"01001099999","2018-12-02","70.9333333","-8.6666667","9.0","JAN MAYEN NOR NAVY, NO","  30.3","24","  28.1","24"," 984.5","24","983.3","24","  0.5"," 6"," 35.3","24"," 39.8"," 57.5","  32.7"," ","  28.9"," "," 0.07","G","999.9","001000"
"01001099999","2018-12-03","70.9333333","-8.6666667","9.0","JAN MAYEN NOR NAVY, NO","  25.5","24","  23.3","24"," 987.3","24","986.1","24","  0.2"," 6"," 34.6","24"," 41.6"," 56.7","  28.4","*","  23.7"," "," 0.26","G","999.9","001000"
"01001099999","2018-12-04","70.9333333","-8.6666667","9.0","JAN MAYEN NOR NAVY, NO","  23.3","23","  19.9","23"," 995.3","23","994.1","23","  0.2"," 5"," 33.7","23"," 39.4"," 60.4","  24.1","*","  22.5","*"," 0.42","G","999.9","001000"
"01001099999","2018-12-05","70.9333333","-8.6666667","9.0","JAN MAYEN NOR NAVY, NO","  22.6","24","  13.4","24","1007.8","24","006.6","24"," 11.8"," 6"," 17.2","24"," 32.4"," 52.4","  23.5"," ","  21.7"," "," 0.14","G","999.9","001000"
"01001099999","2018-12-06","70.9333333","-8.6666667","9.0","JAN MAYEN NOR NAVY, NO","  25.7","24","  19.3","24","1008.9","24","007.7","24","  7.2"," 6","  5.6","24"," 13.0"," 18.6","  28.8"," ","  22.3"," "," 0.00","G","999.9","001000"
"01001099999","2018-12-07","70.9333333","-8.6666667","9.0","JAN MAYEN NOR NAVY, NO","  25.0","24","  17.0","24","1007.4","24","006.2","24"," 19.2"," 6","  4.4","24","  8.9"," 11.8","  27.7"," ","  21.4"," "," 0.18","G","999.9","000000"
"01001099999","2018-12-08","70.9333333","-8.6666667","9.0","JAN MAYEN NOR NAVY, NO","  24.6","24","  17.8","24","1006.6","24","005.4","24"," 13.3"," 6","  9.0","24"," 15.5"," 22.1","  27.1"," ","  21.2"," "," 0.04","G","999.9","001000"
"01001099999","2018-12-09","70.9333333","-8.6666667","9.0","JAN MAYEN NOR NAVY, NO","  25.6","24","  18.7","24","1013.8","24","012.6","24"," 33.1"," 6"," 19.0","24"," 23.3"," 29.9","  27.9"," ","  22.3"," "," 0.00","G","999.9","001000"
"01001099999","2018-12-10","70.9333333","-8.6666667","9.0","JAN MAYEN NOR NAVY, NO","  24.2","24","  17.3","24","1021.6","24","020.4","24"," 22.3"," 6","  7.0","24"," 17.7"," 28.9","  29.3","*","  22.3"," "," 0.00","I","999.9","000000"
"01001099999","2018-12-11","70.9333333","-8.6666667","9.0","JAN MAYEN NOR NAVY, NO","  34.5","24","  31.6","24","1014.9","24","013.7","24","  7.5"," 6"," 12.9","24"," 17.9"," 21.2","  37.8","*","  25.3"," "," 0.01","G","999.9","011000"
"01001099999","2018-12-12","70.9333333","-8.6666667","9.0","JAN MAYEN NOR NAVY, NO","  37.5","24","  36.4","24","1004.9","24","003.7","24","  4.3"," 6"," 13.5","24"," 19.4"," 26.0","  39.4"," ","  35.8"," "," 0.79","G","  0.8","010000"
"01001099999","2018-12-13","70.9333333","-8.6666667","9.0","JAN MAYEN NOR NAVY, NO","  35.7","24","  34.5","24","1008.1","24","006.9","24","  5.6"," 6","  7.2","24"," 13.6"," 18.5","  38.3","*","  33.8"," "," 0.07","G","999.9","010000"
"01001099999","2018-12-14","70.9333333","-8.6666667","9.0","JAN MAYEN NOR NAVY, NO","  37.7","24","  36.6","24","1001.2","24","000.0","24","  1.7"," 6"," 16.4","24"," 23.3"," 32.6","  38.5"," ","  35.1"," "," 0.70","G","  0.8","010000"
"01001099999","2018-12-15","70.9333333","-8.6666667","9.0","JAN MAYEN NOR NAVY, NO","  37.8","24","  36.6","24","1001.2","24","000.0","24","  2.1"," 6"," 12.3","24"," 22.5"," 32.4","  38.8"," ","  36.9"," "," 0.16","G","999.9","010000"
"01001099999","2018-12-16","70.9333333","-8.6666667","9.0","JAN MAYEN NOR NAVY, NO","  37.2","24","  36.0","24","1004.1","24","002.9","24","  1.9"," 6","  6.5","24"," 13.4"," 18.3","  38.3"," ","  36.5"," "," 0.30","G","999.9","010000"
"01001099999","2018-12-17","70.9333333","-8.6666667","9.0","JAN MAYEN NOR NAVY, NO","  37.2","24","  35.4","24","1010.5","24","009.3","24","  9.8"," 6"," 10.8","24"," 26.0"," 32.4","  38.3"," ","  36.5","*"," 0.26","G","999.9","010000"
"01001099999","2018-12-18","70.9333333","-8.6666667","9.0","JAN MAYEN NOR NAVY, NO","  38.4","23","  36.8","23","1012.5","23","011.3","23","  2.5"," 5"," 11.6","23"," 16.7"," 21.4","  39.7"," ","  36.5"," "," 0.04","G","999.9","100000"
"01001099999","2018-12-19","70.9333333","-8.6666667","9.0","JAN MAYEN NOR NAVY, NO","  38.0","24","  34.9","24","1010.0","24","008.8","24","  4.3"," 6"," 14.4","24"," 19.8"," 26.0","  38.7","*","  37.0"," "," 0.00","G","999.9","010000"
"01001099999","2018-12-20","70.9333333","-8.6666667","9.0","JAN MAYEN NOR NAVY, NO","  37.0","24","  34.5","24","1009.6","24","008.4","24","  7.7"," 6","  5.5","24"," 13.6"," 16.3","  38.8"," ","  35.1","*"," 0.01","G","999.9","000000"
"01001099999","2018-12-21","70.9333333","-8.6666667","9.0","JAN MAYEN NOR NAVY, NO","  34.1","24","  31.6","24","1006.0","24","004.8","24"," 19.7"," 6","  3.4","24"," 13.2"," 21.2","  36.3"," ","  31.5"," "," 0.00","G","999.9","011000"
"01001099999","2018-12-22","70.9333333","-8.6666667","9.0","JAN MAYEN NOR NAVY, NO","  24.2","24","  19.7","24","1011.0","24","009.8","24"," 15.8"," 6"," 12.4","24"," 24.5"," 28.9","  34.5"," ","  22.1"," "," 0.00","H","999.9","001000"
"01001099999","2018-12-23","70.9333333","-8.6666667","9.0","JAN MAYEN NOR NAVY, NO","  23.4","24","  17.0","24","1009.9","24","008.7","24"," 12.7"," 6","  7.3","24"," 18.1"," 21.8","  27.1"," ","  18.5","*"," 0.03","E","999.9","001000"
"01001099999","2018-12-24","70.9333333","-8.6666667","9.0","JAN MAYEN NOR NAVY, NO","  27.6","24","  25.4","24"," 991.4","24","990.2","24","  1.2"," 6"," 18.6","24"," 23.7"," 41.6","  34.9"," ","  18.5"," "," 0.31","G","999.9","001000"
"01001099999","2018-12-25","70.9333333","-8.6666667","9.0","JAN MAYEN NOR NAVY, NO","  23.6","24","  20.0","24","1008.7","24","007.5","24","  5.0"," 6"," 12.4","24"," 27.4"," 46.6","  27.1","*","  15.1"," "," 0.06","G","999.9","001000"
"01001099999","2018-12-26","70.9333333","-8.6666667","9.0","JAN MAYEN NOR NAVY, NO","  27.4","24","  24.0","24","1002.8","24","001.6","24","  6.7"," 6"," 13.4","24"," 26.4"," 35.9","  31.1"," ","  23.9","*"," 0.00","G","999.9","001000"
"01001099999","2018-12-27","70.9333333","-8.6666667","9.0","JAN MAYEN NOR NAVY, NO","  24.2","24","  17.5","24","1007.4","24","006.2","24"," 15.5"," 6"," 10.3","24"," 19.4"," 22.9","  25.9"," ","  23.5"," "," 0.02","G","999.9","001000"
"01001099999","2018-12-28","70.9333333","-8.6666667","9.0","JAN MAYEN NOR NAVY, NO","  24.9","24","  20.4","24","1003.5","24","002.3","24","  3.3"," 6"," 20.1","24"," 35.7"," 47.4","  27.1"," ","  22.1","*"," 0.01","G","999.9","001000"
"01001099999","2018-12-29","70.9333333","-8.6666667","9.0","JAN MAYEN NOR NAVY, NO","  21.4","24","  15.0","24","1010.8","24","009.6","24"," 17.8"," 6"," 12.6","24"," 23.3"," 30.3","  24.1","*","  17.2","*"," 0.07","G","999.9","001000"
"01001099999","2018-12-30","70.9333333","-8.6666667","9.0","JAN MAYEN NOR NAVY, NO","  20.0","24","  10.9","24","1013.2","24","012.0","24"," 21.2"," 6","  5.2","24"," 15.5"," 21.8","  23.0","*","  16.9"," "," 0.01","G","999.9","001000"
"01001099999","2018-12-31","70.9333333","-8.6666667","9.0","JAN MAYEN NOR NAVY, NO","  23.8","24","  15.8","24","1004.7","24","003.5","24"," 12.7"," 6"," 23.7","24"," 41.6"," 58.3","  27.5"," ","  20.5"," "," 0.00","G","999.9","001000"
